id,y
3,yes
6,yes
10,yes
11,yes
13,no
16,no
20,yes
21,yes
24,yes
28,no
29,yes
43,yes
47,yes
49,yes
61,yes
62,yes
68,no
73,yes
75,yes
78,yes
80,yes
85,yes
87,yes
88,yes
91,yes
93,yes
94,yes
101,yes
113,no
116,no
131,no
132,yes
133,no
136,no
139,yes
142,yes
143,no
144,yes
149,no
157,no
159,yes
161,yes
163,yes
165,no
167,yes
170,yes
178,no
184,no
189,no
192,yes
201,yes
208,yes
221,no
222,yes
224,no
226,yes
238,yes
254,yes
255,yes
264,no
265,no
270,yes
271,yes
275,yes
278,no
287,yes
289,no
291,yes
292,yes
295,yes
296,no
297,yes
307,yes
309,yes
311,no
328,no
330,yes
334,yes
335,yes
336,yes
345,no
350,no
365,no
381,yes
385,yes
389,yes
394,no
395,no
405,no
413,no
414,yes
425,yes
427,no
428,yes
435,yes
440,yes
442,yes
446,yes
447,no
449,yes
460,yes
463,yes
468,no
469,yes
483,yes
484,yes
491,no
494,yes
501,no
503,yes
504,yes
510,yes
515,no
525,yes
529,no
538,no
545,yes
550,yes
568,yes
569,no
570,no
583,yes
584,yes
585,yes
594,yes
608,no
609,no
611,yes
632,yes
636,yes
642,no
646,yes
656,no
682,yes
684,yes
685,yes
693,yes
697,yes
700,yes
704,yes
711,no
714,yes
719,no
728,yes
732,yes
737,yes
738,yes
741,yes
745,yes
747,yes
752,yes
758,yes
762,no
764,no
765,yes
777,yes
780,no
785,yes
791,yes
792,yes
797,yes
800,yes
803,yes
804,no
810,yes
811,yes
812,yes
813,yes
816,yes
826,yes
833,yes
839,no
841,yes
859,yes
861,yes
867,yes
872,yes
875,no
881,yes
883,no
890,yes
897,yes
903,yes
907,yes
915,yes
916,no
920,yes
923,yes
925,yes
945,yes
953,yes
956,yes
958,no
959,yes
961,yes
967,no
970,yes
976,yes
980,yes
981,yes
983,yes
985,no
986,yes
990,no
991,no
992,yes
997,yes
999,yes
1003,no
1014,yes
1017,yes
1019,yes
1022,yes
1024,yes
1029,yes
1036,yes
1044,yes
1045,yes
1047,no
1049,no
1054,yes
1057,no
1060,no
1063,yes
1065,yes
1071,yes
1087,no
1091,no
1100,yes
1112,no
1114,yes
1119,yes
1120,yes
1124,no
1131,no
1132,yes
1140,yes
1157,yes
1159,yes
1160,yes
1163,no
1168,yes
1171,yes
1185,yes
1188,no
1190,yes
1193,no
1194,no
1198,yes
1199,yes
1200,yes
1203,no
1216,yes
1218,no
1219,yes
1222,yes
1226,no
1228,yes
1230,no
1231,yes
1234,no
1240,yes
1245,no
1247,yes
1251,no
1258,yes
1260,yes
1270,yes
1272,no
1287,no
1288,yes
1297,yes
1311,no
1313,yes
1318,no
1319,yes
1321,yes
1324,yes
1329,yes
1331,yes
1334,yes
1338,yes
1350,no
1357,no
1360,yes
1397,no
1401,yes
1402,yes
1407,no
1409,no
1414,yes
1418,yes
1426,no
1427,yes
1432,yes
1442,yes
1447,no
1452,yes
1472,no
1480,yes
1488,no
1489,yes
1492,no
1494,no
1496,yes
1502,yes
1505,no
1513,no
1514,yes
1522,yes
1529,no
1533,yes
1536,yes
1538,no
1543,yes
1544,yes
1549,yes
1550,no
1551,yes
1552,yes
1553,yes
1554,no
1555,no
1556,yes
1565,no
1567,yes
1570,no
1573,yes
1576,yes
1580,yes
1584,yes
1588,yes
1592,no
1596,yes
1600,yes
1601,yes
1606,yes
1610,no
1613,yes
1617,yes
1632,yes
1636,yes
1643,yes
1647,no
1650,no
1654,no
1656,yes
1666,yes
1676,yes
1682,yes
1683,no
1689,no
1691,yes
1697,no
1698,no
1700,no
1706,yes
1714,no
1719,yes
1723,yes
1728,yes
1729,yes
1734,yes
1735,yes
1742,no
1744,no
1749,yes
1751,yes
1761,no
1763,no
1765,yes
1766,yes
1767,yes
1778,yes
1781,no
1786,yes
1787,no
1788,no
1789,no
1792,yes
1793,yes
1802,no
1806,yes
1811,yes
1812,no
1815,no
1822,yes
1832,yes
1835,yes
1838,yes
1846,no
1847,yes
1850,yes
1856,yes
1857,yes
1871,yes
1877,yes
1881,yes
1886,yes
1894,no
1896,no
1912,yes
1913,yes
1916,yes
1923,yes
1924,yes
1926,yes
1931,no
1938,yes
1946,yes
1953,yes
1954,yes
1962,yes
1969,yes
1970,yes
1989,yes
2003,yes
2012,yes
2019,yes
2025,yes
2027,yes
2037,no
2039,no
2040,no
2049,yes
2050,no
2052,yes
2053,no
2054,yes
2060,yes
2065,yes
2070,no
2071,yes
2074,no
2077,yes
2080,no
2084,no
2085,yes
2086,no
2087,yes
2092,yes
2094,yes
2106,no
2107,yes
2108,no
2109,yes
2122,no
2124,no
2125,yes
2129,yes
2130,no
2135,yes
2148,no
2155,yes
2161,yes
2167,yes
2169,yes
2177,yes
2193,yes
2194,no
2205,yes
2216,yes
2222,no
2224,yes
2228,yes
2237,yes
2239,yes
2243,no
2248,no
2250,yes
2253,no
2255,yes
2265,yes
2266,yes
2267,no
2270,yes
2274,yes
2275,yes
2290,no
2298,no
2299,yes
2300,yes
2303,no
2310,no
2316,no
2324,yes
2325,yes
2326,no
2327,no
2334,yes
2347,yes
2348,no
2355,yes
2363,yes
2366,yes
2369,no
2370,yes
2374,no
2378,no
2383,yes
2384,yes
2385,yes
2391,yes
2400,yes
2401,no
2409,no
2416,yes
2419,yes
2433,yes
2441,yes
2449,yes
2451,yes
2453,yes
2456,no
2459,yes
2478,no
2488,yes
2496,yes
2499,yes
2507,yes
2513,yes
2514,no
2515,yes
2516,yes
2524,yes
2527,yes
2536,no
2551,yes
2559,no
2562,yes
2567,yes
2571,no
2573,yes
2577,yes
2583,yes
2591,yes
2596,no
2599,yes
2600,yes
2607,yes
2609,no
2615,yes
2640,yes
2643,yes
2650,yes
2656,no
2667,yes
2673,yes
2680,yes
2682,no
2688,no
2692,yes
2695,yes
2696,yes
2699,yes
2701,no
2705,no
2706,yes
2708,yes
2719,yes
2722,yes
2726,yes
2727,no
2730,yes
2736,yes
2738,no
2740,no
2743,yes
2745,yes
2762,yes
2772,yes
2775,no
2787,yes
2792,yes
2802,yes
2805,yes
2807,no
2814,yes
2815,yes
2824,yes
2825,yes
2828,yes
2832,yes
2834,yes
2839,no
2845,yes
2847,yes
2850,yes
2852,yes
2855,yes
2858,yes
2864,no
2868,no
2873,no
2878,yes
2881,yes
2904,yes
2907,yes
2908,yes
2916,yes
2917,yes
2930,yes
2931,yes
2933,no
2935,yes
2937,yes
2941,yes
2943,yes
2945,no
2951,no
2956,yes
2974,no
2978,yes
2988,no
3002,yes
3014,yes
3016,no
3021,yes
3023,yes
3024,yes
3027,no
3029,yes
3030,yes
3035,yes
3039,yes
3044,yes
3045,yes
3048,no
3051,yes
3064,yes
3078,no
3080,yes
3083,yes
3084,no
3087,yes
3089,yes
3098,no
3099,no
3102,yes
3107,yes
3108,yes
3116,yes
3118,yes
3120,yes
3123,yes
3126,no
3129,yes
3140,no
3143,yes
3149,no
3163,yes
3172,yes
3182,yes
3185,no
3187,no
3190,yes
3195,yes
3202,yes
3207,yes
3209,yes
3214,yes
3219,yes
3235,no
3236,yes
3239,yes
3244,yes
3245,yes
3254,no
3257,yes
3262,no
3270,yes
3278,no
3279,yes
3284,yes
3286,yes
3290,yes
3299,yes
3306,yes
3309,yes
3310,yes
3312,yes
3314,no
3327,no
3334,yes
3336,yes
3354,yes
3355,no
3361,no
3364,yes
3366,yes
3371,no
3382,yes
3385,yes
3386,no
3399,yes
3402,yes
3413,no
3414,yes
3415,yes
3417,yes
3424,yes
3425,yes
3427,yes
3431,yes
3436,yes
3444,yes
3445,yes
3446,yes
3447,yes
3470,yes
3472,no
3473,yes
3478,yes
3483,yes
3485,yes
3492,no
3497,yes
3499,no
3503,yes
3523,yes
3524,yes
3534,yes
3567,yes
3579,yes
3590,yes
3591,yes
3592,no
3593,no
3597,yes
3598,yes
3612,no
3632,yes
3633,yes
3634,no
3637,yes
3639,no
3648,no
3649,yes
3653,yes
3662,yes
3667,yes
3679,no
3682,no
3687,yes
3691,yes
3694,yes
3696,yes
3701,yes
3702,no
3707,yes
3712,yes
3714,no
3723,yes
3725,yes
3727,yes
3735,yes
3739,yes
3745,yes
3753,no
3759,yes
3761,no
3764,no
3776,yes
3777,no
3780,yes
3785,yes
3789,yes
3793,no
3796,yes
3797,yes
3799,no
3802,yes
3810,yes
3812,yes
3818,yes
3822,yes
3826,no
3827,yes
3830,yes
3833,yes
3835,no
3842,yes
3847,yes
3854,yes
3857,yes
3859,no
3870,yes
3871,no
3872,yes
3880,yes
3889,no
3897,yes
3916,no
3920,no
3922,no
3923,yes
3929,yes
3946,yes
3956,no
3958,yes
3959,no
3970,yes
3974,yes
3975,yes
3977,no
3980,yes
3982,yes
3990,yes
3993,yes
3999,yes
4008,yes
4025,no
4029,no
4030,yes
4031,yes
4036,yes
4042,no
4049,yes
4052,no
4053,yes
4062,no
4066,no
4072,yes
4087,yes
4089,no
4091,yes
4100,no
4102,yes
4105,no
4111,yes
4112,yes
4113,yes
4121,yes
4129,yes
4130,no
4135,no
4139,yes
4143,yes
4144,yes
4145,no
4147,yes
4156,no
4157,no
4158,no
4162,yes
4170,no
4171,yes
4176,yes
4177,no
4178,no
4181,no
4184,no
4186,no
4190,yes
4194,no
4198,yes
4202,yes
4203,yes
4204,yes
4207,yes
4210,yes
4214,yes
4222,yes
4228,yes
4229,no
4232,yes
4236,yes
4244,yes
4258,no
4261,yes
4265,no
4269,yes
4272,no
4277,yes
4280,yes
4290,yes
4295,no
4296,no
4302,no
4303,no
4304,yes
4307,yes
4308,yes
4313,no
4317,no
4324,yes
4327,no
4330,yes
4333,yes
4339,no
4343,no
4344,no
4349,yes
4350,yes
4352,no
4359,no
4364,yes
4365,no
4366,yes
4367,yes
4371,yes
4376,yes
4383,no
4389,yes
4399,no
4401,yes
4403,no
4408,yes
4410,yes
4415,no
4418,yes
4419,no
4422,yes
4429,no
4431,yes
4433,yes
4436,yes
4438,yes
4447,yes
4451,yes
4452,no
4459,yes
4461,yes
4467,no
4471,yes
4493,no
4497,no
4499,no
4505,yes
4506,yes
4508,yes
4509,no
4515,no
4531,yes
4533,no
4539,yes
4544,no
4550,yes
4553,yes
4554,no
4559,yes
4562,yes
4574,no
4580,yes
4582,yes
4584,yes
4585,yes
4589,yes
4596,no
4597,no
4605,yes
4616,no
4619,no
4622,yes
4625,yes
4630,no
4638,no
4642,yes
4645,no
4646,yes
4649,yes
4651,no
4652,no
4660,yes
4661,yes
4662,yes
4669,yes
4671,no
4672,no
4679,yes
4698,yes
4699,yes
4707,yes
4709,no
4712,yes
4713,yes
4717,yes
4733,yes
4737,yes
4751,yes
4753,yes
4758,no
4768,yes
4773,yes
4776,yes
4786,no
4789,no
4793,yes
4794,no
4802,yes
4803,yes
4814,no
4816,yes
4819,no
4826,yes
4829,no
4831,yes
4839,no
4844,no
4845,yes
4846,no
4854,yes
4856,yes
4857,yes
4858,yes
4866,yes
4867,yes
4872,yes
4876,no
4877,yes
4884,yes
4887,no
4888,no
4889,yes
4896,yes
4901,yes
4916,yes
4919,no
4921,no
4942,yes
4943,yes
4946,yes
4948,no
4950,yes
4951,yes
4955,yes
4962,yes
4965,yes
4970,yes
4971,no
4978,no
4986,no
4991,yes
5010,yes
5024,no
5029,yes
5030,yes
5032,no
5039,yes
5040,yes
5056,yes
5057,yes
5060,yes
5072,yes
5078,yes
5082,yes
5085,yes
5088,no
5090,yes
5098,yes
5104,yes
5105,yes
5106,yes
5107,yes
5109,yes
5112,yes
5113,yes
5114,yes
5126,yes
5129,no
5133,yes
5134,yes
5143,yes
5145,yes
5151,no
5152,yes
5155,yes
5157,no
5159,yes
5161,yes
5162,no
5170,yes
5184,no
5186,yes
5202,yes
5209,no
5212,no
5213,yes
5237,yes
5241,yes
5248,yes
5250,yes
5251,yes
5256,no
5257,no
5268,no
5274,yes
5292,yes
5293,yes
5294,yes
5298,no
5309,yes
5310,no
5314,no
5321,no
5327,yes
5331,yes
5333,yes
5336,no
5348,yes
5350,no
5353,yes
5358,yes
5362,no
5363,yes
5380,no
5381,yes
5387,yes
5389,yes
5391,no
5392,yes
5400,yes
5401,yes
5406,no
5414,yes
5423,yes
5425,yes
5441,yes
5445,no
5450,no
5451,yes
5459,no
5480,yes
5494,yes
5495,yes
5500,yes
5502,yes
5510,yes
5516,yes
5517,no
5531,yes
5539,no
5552,yes
5557,yes
5565,no
5578,no
5587,yes
5591,no
5592,yes
5593,no
5618,yes
5623,no
5631,no
5636,yes
5639,no
5640,yes
5649,yes
5663,yes
5673,yes
5674,yes
5680,yes
5688,yes
5689,no
5690,yes
5695,yes
5697,no
5698,yes
5699,yes
5704,yes
5713,yes
5715,yes
5728,yes
5729,yes
5733,yes
5744,yes
5748,yes
5750,no
5752,no
5753,no
5771,yes
5776,no
5779,yes
5784,no
5785,yes
5793,no
5794,yes
5797,yes
5802,no
5803,no
5804,no
5810,yes
5824,yes
5829,yes
5837,yes
5840,yes
5841,yes
5842,yes
5846,yes
5849,no
5852,yes
5855,no
5856,no
5859,yes
5865,no
5866,no
5868,no
5870,yes
5871,no
5872,yes
5878,no
5879,yes
5883,yes
5884,yes
5886,yes
5894,yes
5896,yes
5899,yes
5902,yes
5907,yes
5939,yes
5940,yes
5941,no
5950,no
5956,no
5964,yes
5969,yes
5972,yes
5973,yes
5978,yes
5981,yes
5991,no
5993,yes
5994,yes
6006,yes
6010,yes
6015,yes
6018,yes
6023,no
6024,yes
6025,yes
6030,yes
6031,yes
6034,yes
6044,yes
6045,yes
6047,no
6048,yes
6049,yes
6056,no
6062,yes
6064,yes
6067,no
6068,no
6075,yes
6076,yes
6084,yes
6089,yes
6093,no
6097,yes
6098,yes
6100,yes
6106,yes
6112,yes
6115,yes
6121,yes
6135,yes
6136,yes
6160,yes
6161,no
6162,yes
6171,yes
6174,yes
6177,yes
6178,no
6179,yes
6180,yes
6187,yes
6188,yes
6190,no
6198,yes
6199,yes
6200,yes
6207,yes
6208,yes
6220,yes
6224,yes
6225,yes
6228,yes
6236,yes
6241,no
6243,no
6247,no
6248,yes
6249,yes
6253,no
6254,yes
6263,yes
6269,yes
6279,yes
6281,yes
6289,no
6302,yes
6308,yes
6312,yes
6315,yes
6328,no
6331,yes
6332,no
6336,yes
6338,yes
6340,yes
6346,no
6347,yes
6349,yes
6350,yes
6353,no
6358,yes
6363,yes
6374,yes
6376,yes
6378,yes
6379,yes
6388,yes
6389,yes
6394,yes
6401,yes
6402,no
6412,yes
6421,yes
6423,yes
6434,no
6435,yes
6441,no
6443,yes
6446,no
6448,yes
6449,yes
6455,yes
6457,no
6474,yes
6476,yes
6480,no
6485,yes
6490,yes
6494,yes
6512,no
6513,no
6514,yes
6519,no
6523,yes
6529,yes
6533,yes
6538,yes
6541,no
6543,no
6546,yes
6554,no
6560,yes
6564,yes
6565,no
6570,yes
6572,yes
6588,yes
6589,yes
6595,yes
6598,no
6599,no
6605,no
6606,yes
6607,no
6609,yes
6619,yes
6621,no
6630,yes
6636,yes
6646,no
6659,yes
6661,yes
6663,no
6665,no
6667,no
6672,yes
6685,yes
6686,no
6688,yes
6699,yes
6702,no
6708,yes
6710,no
6715,yes
6716,yes
6718,yes
6724,yes
6725,yes
6726,no
6728,yes
6732,no
6735,no
6738,yes
6743,no
6744,yes
6752,yes
6756,yes
6757,yes
6758,yes
6770,yes
6772,yes
6776,no
6780,no
6791,yes
6797,yes
6808,yes
6811,yes
6816,no
6817,no
6819,yes
6821,yes
6827,yes
6832,no
6833,no
6838,yes
6842,yes
6845,no
6846,yes
6850,yes
6856,yes
6859,yes
6868,no
6873,yes
6874,yes
6879,yes
6885,yes
6890,yes
6892,no
6896,no
6899,yes
6901,yes
6906,yes
6907,yes
6908,no
6915,yes
6918,yes
6923,yes
6926,yes
6937,yes
6947,yes
6948,yes
6951,no
6962,yes
6964,no
6967,no
6979,yes
6990,yes
6991,yes
6993,no
7007,yes
7010,yes
7015,yes
7019,yes
7021,no
7024,yes
7030,yes
7037,no
7039,no
7045,yes
7054,yes
7056,yes
7057,yes
7062,yes
7067,yes
7070,yes
7074,yes
7087,no
7089,yes
7108,no
7109,no
7136,yes
7150,no
7151,yes
7154,yes
7156,no
7162,no
7165,yes
7167,yes
7172,no
7175,yes
7177,yes
7184,no
7201,yes
7204,no
7208,no
7209,no
7210,no
7218,no
7219,yes
7226,no
7228,yes
7230,yes
7232,no
7235,yes
7242,yes
7243,yes
7244,yes
7253,no
7258,yes
7260,yes
7261,yes
7263,yes
7264,yes
7267,no
7269,yes
7273,yes
7280,yes
7286,yes
7289,yes
7295,no
7297,no
7303,no
7307,yes
7309,no
7318,yes
7320,yes
7321,no
7328,yes
7336,no
7344,no
7346,yes
7354,yes
7365,yes
7366,yes
7370,yes
7378,yes
7381,yes
7384,yes
7387,yes
7393,yes
7397,no
7399,yes
7408,no
7411,no
7420,no
7425,yes
7431,yes
7440,no
7442,yes
7450,yes
7454,yes
7455,yes
7461,yes
7464,yes
7476,yes
7481,yes
7490,yes
7493,no
7494,no
7506,no
7512,yes
7513,yes
7519,yes
7536,yes
7540,no
7547,no
7553,yes
7567,yes
7571,yes
7575,yes
7576,no
7577,yes
7579,yes
7585,yes
7589,yes
7593,yes
7594,no
7597,no
7600,no
7614,no
7636,yes
7648,yes
7653,no
7655,no
7671,yes
7683,yes
7689,no
7694,yes
7695,no
7699,no
7705,no
7706,no
7713,yes
7714,no
7719,yes
7723,no
7725,yes
7734,yes
7735,yes
7737,no
7739,yes
7743,yes
7746,yes
7748,yes
7759,yes
7775,yes
7783,yes
7786,yes
7789,yes
7790,no
7797,yes
7808,yes
7810,no
7814,no
7817,no
7820,yes
7823,yes
7826,yes
7827,no
7832,yes
7837,yes
7848,no
7853,no
7855,yes
7860,no
7864,yes
7868,no
7870,yes
7872,no
7877,yes
7886,yes
7888,yes
7901,no
7905,yes
7911,yes
7914,no
7922,no
7927,no
7929,yes
7933,yes
7937,no
7945,no
7949,no
7952,yes
7955,no
7957,yes
7967,no
7976,yes
7981,yes
7988,no
7993,no
7994,no
7998,yes
8000,no
8001,no
8005,yes
8006,yes
8008,no
8030,yes
8035,yes
8038,yes
8044,no
8052,yes
8096,yes
8103,yes
8105,yes
8110,yes
8119,yes
8122,yes
8123,yes
8127,yes
8131,yes
8133,no
8137,no
8138,yes
8144,no
8154,yes
8161,no
8164,yes
8165,yes
8177,yes
8181,yes
8185,yes
8187,yes
8189,yes
8201,no
8210,yes
8211,no
8216,yes
8218,no
8222,yes
8224,no
8227,no
8229,yes
8231,yes
8233,yes
8245,yes
8246,yes
8248,yes
8263,yes
8269,yes
8272,no
8274,yes
8280,yes
8287,yes
8293,yes
8294,yes
8303,yes
8312,no
8318,yes
8323,no
8331,yes
8335,no
8336,no
8348,no
8352,yes
8355,no
8356,yes
8361,yes
8364,yes
8365,yes
8376,yes
8379,no
8382,yes
8390,no
8396,yes
8401,no
8402,yes
8405,no
8406,no
8408,no
8414,yes
8421,yes
8424,yes
8425,no
8428,no
8430,yes
8434,no
8438,yes
8441,yes
8442,no
8448,no
8449,yes
8451,no
8453,yes
8455,yes
8458,yes
8461,no
8462,no
8464,yes
8466,no
8469,yes
8480,yes
8484,yes
8499,yes
8514,yes
8520,yes
8527,yes
8528,yes
8537,yes
8539,yes
8540,yes
8544,yes
8553,no
8554,yes
8556,yes
8557,no
8558,no
8562,yes
8567,no
8571,no
8575,yes
8580,yes
8585,yes
8589,no
8590,no
8595,yes
8603,yes
8605,no
8616,no
8617,yes
8618,yes
8622,yes
8632,yes
8633,yes
8635,yes
8636,yes
8637,no
8643,yes
8650,yes
8655,yes
8657,yes
8663,yes
8665,no
8672,no
8677,yes
8686,no
8690,yes
8701,yes
8712,yes
8713,yes
8715,yes
8720,no
8726,no
8727,yes
8733,yes
8736,yes
8740,yes
8742,yes
8743,yes
8744,yes
8747,no
8749,yes
8751,yes
8755,yes
8758,no
8763,yes
8773,yes
8775,no
8778,yes
8790,no
8792,yes
8795,no
8798,no
8801,no
8804,no
8807,yes
8813,yes
8814,yes
8829,no
8837,no
8843,yes
8847,yes
8864,yes
8865,no
8872,yes
8873,yes
8884,yes
8885,no
8886,yes
8889,yes
8890,no
8891,yes
8893,yes
8894,yes
8901,no
8904,yes
8913,no
8915,yes
8927,yes
8929,no
8930,no
8935,yes
8936,no
8938,no
8950,no
8966,yes
8971,yes
8973,no
8979,yes
8999,yes
9000,yes
9008,yes
9012,yes
9014,no
9018,no
9024,yes
9036,yes
9038,no
9042,yes
9052,no
9060,yes
9065,yes
9069,no
9071,yes
9085,no
9088,yes
9092,yes
9096,no
9099,no
9105,no
9110,yes
9113,yes
9120,yes
9121,yes
9125,yes
9129,yes
9139,yes
9153,no
9155,no
9167,no
9172,no
9182,yes
9183,no
9209,yes
9214,no
9219,yes
9227,yes
9228,yes
9254,no
9257,yes
9262,yes
9273,no
9279,yes
9280,yes
9283,yes
9286,yes
9287,yes
9314,no
9320,yes
9326,yes
9329,yes
9333,no
9338,yes
9339,yes
9350,yes
9359,yes
9363,yes
9364,no
9375,yes
9376,yes
9377,yes
9382,yes
9383,yes
9385,yes
9396,no
9420,yes
9436,no
9438,no
9442,yes
9458,yes
9460,yes
9463,no
9469,yes
9479,yes
9480,no
9482,yes
9484,yes
9487,yes
9491,no
9492,yes
9505,yes
9508,yes
9509,yes
9511,yes
9512,yes
9514,no
9521,no
9522,yes
9523,yes
9524,yes
9525,yes
9529,no
9532,no
9541,yes
9543,yes
9560,no
9566,yes
9572,no
9573,yes
9576,no
9577,no
9583,yes
9589,yes
9590,no
9595,yes
9597,yes
9604,yes
9610,yes
9613,yes
9619,yes
9621,yes
9624,no
9626,yes
9630,yes
9633,no
9640,no
9643,yes
9655,yes
9659,yes
9664,no
9665,yes
9671,no
9672,yes
9675,yes
9680,yes
9684,yes
9687,yes
9691,yes
9693,no
9710,yes
9711,no
9719,no
9725,yes
9729,yes
9741,yes
9747,yes
9750,no
9751,yes
9753,yes
9757,yes
9763,yes
9764,yes
9765,no
9767,yes
9771,yes
9773,no
9780,yes
9783,yes
9794,yes
9796,no
9798,yes
9800,yes
9803,yes
9808,yes
9811,yes
9817,yes
9818,yes
9822,yes
9832,no
9836,no
9841,yes
9847,no
9861,yes
9868,yes
9875,yes
9876,yes
9889,no
9890,no
9896,yes
9902,no
9907,yes
9912,no
9915,no
9916,no
9930,yes
9931,yes
9936,yes
9944,no
9946,no
9957,yes
9959,no
9970,no
9971,no
9974,yes
9983,yes
9986,yes
10005,yes
10015,yes
10022,yes
10034,yes
10036,yes
10038,yes
10039,yes
10046,yes
10047,yes
10048,no
10052,yes
10062,no
10069,no
10073,yes
10074,yes
10078,yes
10081,no
10088,yes
10092,no
10097,yes
10098,yes
10099,no
10103,yes
10109,yes
10110,no
10114,yes
10115,no
10119,no
10128,yes
10130,yes
10132,yes
10138,yes
10153,yes
10154,yes
10164,yes
10168,yes
10171,yes
10174,yes
10178,no
10185,no
10205,yes
10213,yes
10216,yes
10217,yes
10218,yes
10220,no
10231,yes
10232,no
10239,yes
10242,yes
10243,no
10245,yes
10248,yes
10252,yes
10253,no
10255,yes
10264,yes
10270,yes
10277,yes
10284,no
10285,yes
10296,yes
10306,yes
10309,yes
10311,yes
10314,yes
10324,yes
10338,no
10345,no
10358,no
10359,yes
10370,yes
10375,no
10376,yes
10380,yes
10388,no
10403,no
10405,yes
10406,yes
10409,yes
10411,yes
10415,no
10419,yes
10421,yes
10422,no
10424,yes
10434,yes
10436,yes
10442,yes
10444,no
10450,yes
10464,yes
10469,yes
10472,no
10474,yes
10475,yes
10485,yes
10497,no
10506,yes
10517,yes
10520,yes
10530,yes
10531,no
10543,yes
10555,yes
10564,yes
10566,yes
10568,yes
10577,no
10581,yes
10587,no
10592,yes
10596,no
10599,yes
10604,no
10605,no
10611,no
10613,no
10614,yes
10618,yes
10621,no
10623,no
10624,no
10627,yes
10629,no
10636,yes
10649,yes
10651,yes
10654,yes
10656,yes
10673,no
10675,yes
10676,yes
10678,yes
10681,yes
10685,no
10690,yes
10698,no
10703,yes
10706,yes
10707,no
10709,no
10715,yes
10716,yes
10720,yes
10726,no
10739,yes
10742,yes
10759,no
10762,no
10766,yes
10781,yes
10782,no
10786,yes
10787,yes
10789,yes
10795,no
10806,yes
10807,no
10814,yes
10815,yes
10818,yes
10819,no
10820,yes
10822,yes
10831,yes
10840,no
10841,yes
10842,yes
10844,yes
10846,yes
10849,no
10855,yes
10856,no
10861,no
10867,yes
10868,yes
10869,yes
10870,yes
10872,no
10875,yes
10877,yes
10883,yes
10891,yes
10896,yes
10897,yes
10906,yes
10907,yes
10909,yes
10911,yes
10916,no
10917,no
10919,no
10920,no
10923,yes
10927,yes
10944,yes
10955,no
10956,yes
10959,yes
10964,yes
10974,yes
10975,yes
10989,yes
10991,yes
10994,no
10995,yes
10996,yes
10998,no
10999,no
11000,yes
11008,no
11012,yes
11013,yes
11014,no
11018,yes
11030,no
11041,yes
11045,no
11050,yes
11053,no
11061,no
11074,yes
11075,no
11077,yes
11084,no
11087,no
11099,yes
11104,yes
11113,yes
11115,yes
11120,yes
11131,no
11132,no
11133,yes
11146,yes
11148,yes
11151,yes
11153,yes
11166,yes
11170,yes
11172,yes
11177,no
11186,yes
11187,yes
11195,yes
11198,yes
11199,yes
11202,yes
11212,yes
11220,yes
11225,yes
11226,yes
11229,yes
11231,no
11232,no
11233,yes
11242,yes
11251,yes
11253,yes
11265,no
11271,yes
11279,no
11285,yes
11286,no
11288,yes
11306,yes
11307,yes
11322,yes
11323,yes
11340,yes
11341,no
11349,no
11353,no
11354,yes
11357,yes
11359,yes
11360,no
11364,yes
11378,yes
11383,no
11385,no
11389,yes
11400,yes
11401,yes
11405,yes
11406,yes
11418,no
11426,yes
11427,yes
11437,yes
11442,yes
11443,yes
11446,yes
11450,yes
11451,yes
11460,yes
11464,yes
11466,yes
11473,yes
11478,yes
11486,yes
11493,yes
11494,no
11496,yes
11506,yes
11507,yes
11529,yes
11533,yes
11538,no
11542,yes
11544,yes
11545,yes
11547,yes
11557,yes
11558,no
11567,yes
11568,yes
11570,no
11577,no
11579,no
11580,no
11581,yes
11583,no
11593,no
11594,yes
11598,yes
11601,yes
11608,yes
11628,no
11630,yes
11632,yes
11634,yes
11647,yes
11673,yes
11692,yes
11694,no
11696,yes
11698,yes
11704,yes
11708,yes
11716,yes
11717,yes
11719,yes
11737,no
11738,no
11739,yes
11741,no
11746,yes
11751,no
11754,no
11763,yes
11771,yes
11772,yes
11786,yes
11793,yes
11799,yes
11803,yes
11806,yes
11808,yes
11809,no
11826,yes
11828,yes
11835,yes
11839,yes
11861,yes
11862,no
11864,no
11873,no
11876,no
11879,yes
11883,yes
11887,yes
11892,yes
11898,yes
11902,yes
11909,yes
11922,yes
11924,yes
11927,yes
11929,yes
11942,no
11943,no
11944,yes
11945,yes
11949,yes
11950,no
11952,yes
11955,yes
11962,yes
11988,no
11999,yes
12011,no
12013,yes
12023,no
12024,yes
12027,yes
12032,yes
12035,yes
12038,yes
12044,no
12049,yes
12055,no
12057,yes
12059,yes
12068,yes
12069,yes
12072,yes
12075,yes
12076,yes
12079,no
12081,yes
12082,yes
12085,yes
12093,yes
12096,yes
12097,yes
12099,yes
12104,yes
12128,yes
12131,no
12136,yes
12140,no
12144,yes
12145,yes
12149,yes
12154,yes
12157,yes
12162,no
12168,yes
12174,no
12176,no
12190,yes
12192,yes
12195,yes
12199,yes
12206,yes
12210,no
12224,yes
12225,yes
12231,yes
12237,no
12244,yes
12246,yes
12251,no
12261,yes
12272,no
12274,no
12277,no
12280,yes
12283,yes
12287,yes
12293,yes
12294,yes
12297,yes
12298,no
12305,no
12307,yes
12308,yes
12316,yes
12317,no
12318,yes
12329,yes
12337,yes
12338,no
12340,no
12349,yes
12350,no
12385,no
12386,yes
12390,yes
12414,yes
12417,yes
12420,yes
12422,yes
12432,no
12441,yes
12444,yes
12447,no
12449,yes
12454,yes
12463,yes
12467,yes
12475,no
12479,yes
12497,yes
12499,no
12500,yes
12510,yes
12524,no
12534,yes
12537,yes
12546,yes
12548,yes
12550,no
12551,yes
12552,yes
12560,yes
12563,yes
12565,no
12566,yes
12569,yes
12576,yes
12584,yes
12585,yes
12587,yes
12589,no
12591,yes
12600,no
12602,yes
12604,no
12606,no
12611,yes
12615,yes
12619,no
12621,yes
12629,yes
12631,yes
12633,no
12634,yes
12638,yes
12646,yes
12654,yes
12660,yes
12665,yes
12670,no
12672,no
12677,no
12680,no
12683,yes
12691,yes
12704,yes
12706,yes
12711,no
12712,yes
12714,yes
12717,no
12723,yes
12732,yes
12737,yes
12740,no
12741,no
12745,no
12747,yes
12748,yes
12759,yes
12774,yes
12776,yes
12781,no
12785,yes
12787,yes
12788,yes
12790,yes
12792,no
12802,yes
12808,yes
12809,yes
12811,yes
12823,no
12825,yes
12832,yes
12835,no
12866,yes
12868,yes
12869,yes
12884,yes
12889,yes
12893,yes
12894,yes
12899,yes
12905,yes
12908,yes
12919,yes
12920,yes
12933,yes
12934,yes
12935,yes
12938,yes
12944,no
12946,no
12952,no
12955,no
12969,yes
12972,no
12975,yes
12977,yes
12989,yes
12990,yes
12992,yes
12993,yes
12998,yes
13000,yes
13015,yes
13017,yes
13018,yes
13022,yes
13023,no
13031,yes
13040,yes
13043,yes
13065,yes
13069,no
13072,no
13074,no
13075,yes
13078,no
13083,yes
13091,no
13093,yes
13094,yes
13096,yes
13101,yes
13105,no
13106,yes
13108,yes
13115,yes
13127,yes
13129,yes
13133,yes
13137,yes
13143,yes
13145,yes
13149,yes
13164,no
13172,yes
13173,yes
13174,no
13176,yes
13180,no
13181,yes
13182,yes
13188,no
13193,no
13208,yes
13210,yes
13219,no
13229,yes
13231,yes
13237,yes
13244,yes
13246,yes
13247,yes
13254,no
13256,yes
13265,no
13267,yes
13274,yes
13289,yes
13297,yes
13307,yes
13311,yes
13312,yes
13318,no
13324,no
13327,no
13334,yes
13340,yes
13341,yes
13344,no
13355,yes
13361,no
13363,no
13366,yes
13368,no
13373,no
13374,no
13375,yes
13380,no
13381,no
13385,yes
13386,yes
13394,no
13396,yes
13400,yes
13406,yes
13408,yes
13411,yes
13413,yes
13415,no
13416,yes
13417,yes
13424,yes
13429,yes
13430,no
13438,yes
13441,no
13443,no
13450,no
13452,yes
13455,no
13464,no
13482,yes
13483,yes
13484,yes
13492,yes
13516,yes
13524,yes
13526,no
13529,yes
13558,no
13559,yes
13561,yes
13562,yes
13563,yes
13566,no
13567,yes
13568,yes
13574,yes
13585,no
13591,yes
13611,yes
13617,yes
13619,no
13620,yes
13622,yes
13636,yes
13638,yes
13648,yes
13653,yes
13664,yes
13665,no
13667,yes
13671,yes
13678,yes
13680,yes
13685,yes
13687,yes
13690,yes
13692,yes
13693,yes
13697,no
13698,yes
13700,yes
13703,yes
13712,yes
13718,yes
13723,yes
13727,yes
13732,yes
13735,yes
13736,yes
13737,yes
13739,no
13747,yes
13755,yes
13757,yes
13762,yes
13764,yes
13765,yes
13769,yes
13783,yes
13786,no
13787,yes
13797,yes
13805,yes
13812,yes
13815,yes
13823,no
13824,yes
13828,yes
13832,yes
13834,yes
13843,yes
13851,yes
13852,no
13856,yes
13864,no
13866,yes
13877,yes
13902,yes
13904,yes
13906,yes
13918,no
13919,yes
13927,yes
13935,yes
13940,yes
13941,yes
13953,yes
13961,no
13965,no
13970,yes
13976,yes
13982,no
13985,no
13992,yes
14004,yes
14005,yes
14009,yes
14012,no
14014,yes
14016,yes
14017,yes
14018,yes
14021,yes
14022,no
14025,yes
14026,yes
14028,no
14036,yes
14041,yes
14048,no
14049,no
14051,yes
14057,yes
14061,yes
14062,yes
14075,yes
14076,yes
14086,yes
14096,yes
14098,no
14101,yes
14113,yes
14118,yes
14120,yes
14148,no
14153,no
14162,yes
14163,yes
14164,yes
14176,yes
14196,yes
14200,yes
14203,yes
14204,no
14209,yes
14220,yes
14222,yes
14224,yes
14227,yes
14235,no
14241,yes
14242,no
14251,yes
14259,yes
14262,yes
14263,yes
14273,no
14279,yes
14280,yes
14288,yes
14289,yes
14295,no
14301,no
14313,yes
14315,no
14316,no
14320,yes
14322,no
14323,yes
14331,yes
14333,yes
14334,yes
14338,no
14351,no
14355,yes
14359,yes
14363,no
14365,no
14369,yes
14370,no
14386,yes
14392,yes
14393,no
14394,yes
14403,yes
14407,yes
14409,yes
14413,yes
14416,yes
14420,yes
14422,yes
14433,yes
14449,yes
14453,yes
14454,yes
14462,no
14463,yes
14464,no
14467,no
14469,yes
14473,no
14474,no
14482,yes
14483,yes
14489,no
14495,no
14504,no
14512,yes
14513,yes
14514,yes
14523,no
14526,yes
14527,yes
14544,yes
14546,no
14548,no
14549,no
14555,yes
14560,yes
14565,yes
14575,no
14577,yes
14578,no
14580,yes
14587,yes
14589,yes
14591,yes
14607,yes
14617,yes
14622,no
14623,yes
14626,no
14627,no
14628,yes
14643,yes
14645,no
14656,yes
14661,no
14664,no
14668,yes
14671,yes
14678,yes
14685,yes
14687,yes
14689,yes
14694,yes
14697,no
14699,yes
14708,yes
14715,no
14719,yes
14720,yes
14724,no
14725,yes
14728,no
14735,no
14737,yes
14740,yes
14744,yes
14750,yes
14751,no
14752,yes
14753,yes
14762,yes
14763,yes
14769,yes
14771,yes
14775,yes
14779,yes
14785,yes
14789,yes
14790,no
14794,no
14797,yes
14798,yes
14800,yes
14809,yes
14816,no
14818,yes
14825,yes
14826,no
14829,yes
14835,yes
14837,no
14840,no
14855,yes
14863,yes
14866,yes
14867,yes
14873,yes
14874,yes
14878,yes
14885,no
14888,yes
14890,no
14891,yes
14893,no
14897,no
14900,yes
14906,yes
14920,yes
14921,yes
14922,no
14925,no
14927,yes
14928,no
14931,no
14932,yes
14936,yes
14938,no
14946,yes
14949,yes
14950,yes
14955,no
14962,yes
14964,yes
14965,yes
14974,no
14978,yes
14982,no
14988,yes
14990,yes
14991,no
14993,no
15006,no
15008,yes
15009,yes
15018,yes
15021,yes
15027,yes
15036,yes
15038,no
15047,yes
15052,no
15059,no
15062,yes
15065,no
15066,no
15075,yes
15079,yes
15084,yes
15089,no
15090,yes
15108,no
15119,yes
15121,no
15129,yes
15130,no
15138,yes
15141,yes
15164,no
15174,yes
15176,yes
15178,yes
15184,yes
15185,yes
15186,yes
15189,yes
15195,yes
15205,yes
15215,no
15216,yes
15221,no
15231,yes
15234,no
15241,yes
15247,yes
15252,yes
15254,yes
15260,yes
15265,yes
15266,yes
15286,no
15289,no
15293,yes
15300,yes
15304,yes
15305,yes
15316,yes
15321,yes
15329,no
15338,yes
15339,yes
15344,yes
15373,yes
15378,yes
15379,yes
15380,yes
15392,no
15394,yes
15398,yes
15402,yes
15410,no
15416,no
15417,yes
15426,no
15440,yes
15444,yes
15459,yes
15465,no
15471,no
15490,yes
15491,yes
15492,no
15497,yes
15508,yes
15509,no
15510,yes
15518,yes
15520,yes
15527,no
15528,yes
15531,yes
15533,yes
15537,yes
15540,yes
15541,yes
15553,yes
15556,no
15557,no
15560,yes
15567,yes
15569,no
15573,yes
15580,no
15584,yes
15587,no
15590,yes
15596,no
15599,no
15623,no
15626,yes
15640,yes
15651,yes
15655,no
15670,yes
15672,no
15684,yes
15687,yes
15699,yes
15707,no
15713,yes
15714,yes
15716,no
15728,no
15733,yes
15736,no
15738,no
15739,yes
15740,yes
15745,yes
15747,yes
15755,yes
15759,yes
15760,yes
15761,yes
15762,yes
15763,yes
15768,no
15771,no
15772,no
15773,yes
15783,yes
15795,yes
15797,yes
15805,yes
15807,yes
15816,yes
15823,no
15825,yes
15826,no
15830,no
15831,yes
15839,yes
15845,no
15850,no
15851,no
15853,no
15854,yes
15858,yes
15860,yes
15874,yes
15881,yes
15892,no
15893,yes
15902,no
15906,no
15910,no
15916,yes
15918,no
15924,yes
15925,yes
15944,yes
15974,yes
15990,yes
15997,yes
16002,yes
16011,no
16013,yes
16020,yes
16031,yes
16041,yes
16043,yes
16051,yes
16057,yes
16063,yes
16075,yes
16077,yes
16079,no
16084,no
16086,yes
16088,yes
16089,no
16095,yes
16096,yes
16102,yes
16104,yes
16106,yes
16127,yes
16130,no
16143,no
16148,yes
16157,no
16159,no
16182,yes
16187,yes
16190,no
16192,no
16220,no
16229,no
16233,yes
16235,no
16237,no
16240,yes
16243,yes
16247,yes
16248,yes
16252,yes
16254,no
16257,yes
16260,yes
16261,yes
16268,no
16274,yes
16276,yes
16277,yes
16278,yes
16279,yes
16281,yes
16284,yes
16287,yes
16305,yes
16318,yes
16322,no
16327,yes
16332,no
16334,yes
16342,yes
16343,no
16346,yes
16347,yes
16352,yes
16360,yes
16372,yes
16374,yes
16395,yes
16405,no
16408,yes
16411,yes
16415,yes
16416,yes
16421,yes
16424,no
16441,no
16443,yes
16447,yes
16457,no
16460,no
16461,yes
16476,yes
16477,no
16478,no
16481,no
16488,yes
16496,yes
16503,yes
16511,yes
16512,no
16513,yes
16516,yes
16534,no
16536,yes
16543,no
16547,yes
16548,yes
16561,yes
16562,yes
16565,no
16573,no
16575,no
16577,yes
16578,no
16591,yes
16613,yes
16614,no
16620,yes
16628,yes
16630,no
16641,no
16643,yes
16649,yes
16655,yes
16660,yes
16662,yes
16670,yes
16674,yes
16676,yes
16679,yes
16681,no
16686,no
16687,yes
16691,yes
16696,no
16700,yes
16702,yes
16710,yes
16712,yes
16714,yes
16730,yes
16734,yes
16740,yes
16746,no
16749,yes
16761,no
16773,yes
16777,yes
16778,no
16779,yes
16781,no
16783,yes
16784,yes
16788,no
16789,yes
16792,yes
16795,yes
16796,no
16798,yes
16800,yes
16802,yes
16805,yes
16809,no
16811,yes
16820,no
16841,no
16843,yes
16845,no
16846,no
16847,yes
16852,no
16861,no
16862,yes
16866,yes
16867,no
16869,yes
16872,yes
16873,no
16875,yes
16881,yes
16883,no
16884,yes
16891,yes
16894,yes
16895,yes
16898,yes
16907,yes
16909,yes
16918,yes
16923,yes
16929,yes
16936,yes
16937,yes
16957,yes
16959,yes
16962,yes
16966,yes
16975,yes
16976,yes
16977,no
16978,yes
16992,no
16997,no
16999,yes
17000,yes
17004,yes
17005,yes
17007,no
17011,no
17022,yes
17029,yes
17036,yes
17047,yes
17052,yes
17061,no
17065,yes
17071,yes
17076,yes
17090,yes
17094,yes
17098,yes
17103,no
17111,yes
17114,yes
17149,yes
17150,no
17154,no
17155,yes
17160,yes
17162,yes
17164,yes
17165,yes
17172,no
17173,no
17176,no
17177,yes
17181,no
17182,yes
17184,yes
17199,no
17209,yes
17219,yes
17227,yes
17234,yes
17241,yes
17243,yes
17247,no
17248,no
17253,no
17258,no
17260,yes
17261,yes
17264,no
17266,yes
17271,yes
17272,yes
17283,no
17294,yes
17295,no
17304,yes
17307,yes
17312,yes
17314,yes
17318,no
17322,yes
17324,yes
17332,yes
17334,yes
17339,yes
17345,no
17346,no
17349,yes
17353,yes
17354,yes
17359,yes
17361,yes
17364,yes
17374,yes
17375,no
17376,yes
17387,yes
17395,yes
17397,yes
17401,yes
17405,yes
17412,yes
17415,no
17423,yes
17429,yes
17430,no
17431,no
17434,yes
17446,no
17451,yes
17455,yes
17460,no
17466,yes
17468,yes
17472,no
17477,yes
17480,yes
17486,no
17488,no
17492,no
17496,no
17502,yes
17505,yes
17519,yes
17521,no
17522,yes
17524,no
17527,no
17532,yes
17540,yes
17547,yes
17564,yes
17565,yes
17568,yes
17573,yes
17580,yes
17587,yes
17589,yes
17594,yes
17598,yes
17602,yes
17603,no
17604,no
17606,yes
17608,yes
17625,yes
17629,yes
17632,yes
17642,yes
17651,yes
17653,yes
17667,yes
17672,yes
17676,yes
17677,no
17680,no
17689,yes
17691,yes
17695,yes
17699,yes
17704,yes
17705,yes
17706,no
17707,no
17709,yes
17713,no
17720,yes
17725,no
17740,yes
17741,yes
17764,yes
17769,yes
17773,no
17775,no
17779,yes
17782,yes
17789,no
17799,no
17801,yes
17808,yes
17813,yes
17819,yes
17827,yes
17829,yes
17831,yes
17837,yes
17838,yes
17854,yes
17858,yes
17860,yes
17861,no
17873,yes
17884,no
17889,yes
17892,yes
17893,yes
17899,yes
17904,yes
17908,yes
17914,yes
17918,yes
17923,yes
17926,no
17928,yes
17930,yes
17934,no
17935,yes
17940,no
17952,yes
17962,yes
17968,yes
17985,yes
17989,yes
17994,no
18001,yes
18003,no
18004,no
18011,yes
18018,no
18019,no
18029,no
18030,yes
18031,yes
18037,yes
18039,no
18041,yes
18047,no
18050,no
18055,yes
18060,yes
18062,yes
18069,yes
18070,yes
18073,yes
18090,yes
18093,yes
18094,yes
18096,yes
18097,yes
18099,no
18101,yes
18104,yes
18118,yes
18133,yes
18138,no
18139,yes
18140,no
18145,no
18147,yes
18151,no
18152,yes
18160,no
18162,no
18172,yes
18174,yes
18182,yes
18191,no
18192,yes
18194,yes
18199,yes
18206,yes
18207,no
18216,yes
18223,yes
18229,yes
18230,yes
18239,yes
18242,yes
18243,yes
18245,no
18249,no
18255,yes
18256,yes
18260,yes
18263,yes
18265,yes
18266,yes
18283,yes
18285,yes
18289,yes
18292,yes
18294,yes
18298,yes
18303,no
18310,yes
18317,yes
18318,no
18319,no
18320,no
18325,no
18326,yes
18336,no
18348,yes
18351,no
18356,no
18357,yes
18359,no
18360,no
18362,yes
18368,yes
18373,yes
18376,no
18380,no
18382,no
18387,yes
18391,no
18397,yes
18412,no
18413,yes
18417,yes
18424,yes
18425,yes
18427,yes
18428,no
18437,yes
18440,no
18441,yes
18449,yes
18450,yes
18463,yes
18465,yes
18466,yes
18468,no
18469,yes
18471,yes
18478,yes
18485,no
18494,yes
18505,yes
18506,yes
18508,no
18510,yes
18524,yes
18527,no
18528,yes
18530,yes
18541,no
18544,yes
18548,no
18549,yes
18550,yes
18555,yes
18561,yes
18564,yes
18571,no
18573,yes
18574,yes
18576,no
18589,no
18595,yes
18598,yes
18604,yes
18613,yes
18616,yes
18626,yes
18630,yes
18631,yes
18638,yes
18644,no
18650,yes
18652,yes
18654,no
18660,no
18661,yes
18672,yes
18675,yes
18679,no
18686,yes
18689,no
18693,yes
18694,no
18698,yes
18699,no
18701,no
18705,no
18711,no
18723,yes
18727,no
18731,yes
18734,no
18735,yes
18737,yes
18742,yes
18749,no
18750,yes
18752,no
18754,yes
18758,yes
18761,no
18762,no
18763,no
18770,no
18772,no
18779,yes
18782,no
18789,yes
18790,yes
18796,yes
18797,yes
18800,yes
18801,yes
18805,yes
18808,no
18809,yes
18810,yes
18811,yes
18813,yes
18814,yes
18822,yes
18829,yes
18834,yes
18836,yes
18838,yes
18842,yes
18853,yes
18856,no
18866,yes
18876,yes
18877,yes
18882,yes
18888,yes
18891,yes
18901,yes
18903,yes
18912,yes
18914,no
18916,no
18922,no
18925,yes
18927,no
18930,yes
18931,yes
18936,yes
18937,no
18945,yes
18951,yes
18953,no
18954,no
18956,yes
18958,no
18960,yes
18962,no
18965,no
18975,no
18984,yes
18987,yes
18988,yes
18995,yes
19007,yes
19009,yes
19011,no
19027,yes
19028,yes
19031,yes
19046,no
19047,yes
19049,no
19057,yes
19061,yes
19064,yes
19065,yes
19074,yes
19084,yes
19093,yes
19098,no
19099,yes
19102,yes
19103,yes
19105,no
19116,yes
19124,yes
19126,yes
19135,yes
19142,no
19155,no
19160,no
19161,yes
19168,no
19169,yes
19171,no
19188,yes
19203,yes
19205,yes
19211,yes
19219,yes
19223,yes
19229,no
19232,yes
19233,yes
19234,yes
19235,yes
19244,yes
19247,yes
19251,yes
19258,no
19261,yes
19262,yes
19266,no
19278,yes
19286,yes
19293,yes
19297,yes
19298,yes
19300,yes
19303,no
19310,yes
19312,yes
19316,yes
19324,yes
19344,yes
19359,yes
19366,yes
19370,yes
19372,yes
19382,no
19388,no
19394,yes
19397,yes
19398,no
19408,yes
19412,yes
19419,no
19423,yes
19429,no
19434,yes
19443,yes
19447,yes
19450,yes
19463,yes
19465,yes
19466,yes
19467,no
19471,no
19478,yes
19490,yes
19492,yes
19494,no
19502,yes
19503,yes
19510,no
19516,yes
19521,no
19524,yes
19538,no
19542,yes
19546,yes
19551,yes
19554,no
19555,yes
19556,yes
19561,yes
19565,no
19568,yes
19576,no
19577,yes
19589,yes
19607,yes
19609,no
19612,yes
19613,yes
19615,yes
19619,yes
19627,no
19629,yes
19632,yes
19645,yes
19647,yes
19649,yes
19652,no
19655,no
19658,no
19659,no
19662,yes
19672,no
19676,yes
19677,yes
19681,no
19684,yes
19686,yes
19689,yes
19692,no
19704,yes
19709,yes
19717,yes
19723,yes
19729,yes
19731,yes
19735,no
19738,no
19739,yes
19740,no
19741,no
19744,yes
19748,no
19758,yes
19762,no
19767,yes
19768,no
19773,yes
19779,no
19784,yes
19789,yes
19795,yes
19800,no
19801,no
19803,no
19804,yes
19806,yes
19816,no
19820,no
19828,yes
19830,yes
19831,no
19839,yes
19842,no
19846,no
19849,yes
19851,yes
19853,no
19861,no
19862,no
19867,yes
19871,yes
19878,yes
19883,yes
19884,no
19887,yes
19894,no
19895,no
19907,yes
19913,no
19917,no
19938,yes
19939,yes
19948,yes
19949,yes
19950,yes
19952,no
19961,yes
19964,yes
19966,yes
19973,yes
19985,no
19986,no
19995,yes
20004,no
20006,no
20009,yes
20021,yes
20023,no
20031,yes
20032,yes
20034,yes
20035,yes
20037,no
20038,yes
20039,yes
20043,no
20059,yes
20067,yes
20070,yes
20074,yes
20077,no
20081,no
20085,no
20086,yes
20089,no
20097,yes
20100,yes
20104,yes
20106,yes
20107,no
20110,yes
20118,yes
20120,yes
20121,no
20122,yes
20123,no
20153,yes
20157,no
20160,yes
20161,yes
20167,yes
20169,no
20171,yes
20173,yes
20174,no
20175,yes
20182,no
20183,yes
20190,no
20194,yes
20196,no
20197,no
20202,yes
20204,yes
20207,yes
20210,yes
20212,yes
20232,yes
20233,no
20241,no
20270,yes
20271,yes
20281,no
20289,yes
20298,yes
20301,yes
20302,yes
20304,yes
20308,yes
20312,yes
20313,yes
20321,yes
20329,no
20332,yes
20334,yes
20339,yes
20345,yes
20347,yes
20359,yes
20360,yes
20362,no
20368,yes
20375,yes
20391,yes
20404,yes
20411,yes
20413,no
20419,yes
20423,yes
20431,no
20433,yes
20434,yes
20439,no
20440,yes
20447,no
20450,yes
20452,yes
20454,no
20456,no
20466,yes
20467,no
20472,no
20482,yes
20483,yes
20486,yes
20489,no
20490,no
20502,no
20529,no
20531,no
20542,yes
20545,yes
20548,yes
20552,yes
20567,yes
20570,no
20578,yes
20582,yes
20583,yes
20585,yes
20591,yes
20596,no
20600,yes
20601,yes
20612,yes
20616,yes
20617,yes
20625,yes
20633,yes
20639,yes
20643,no
20646,yes
20654,yes
20656,no
20657,no
20661,yes
20662,yes
20663,yes
20665,no
20669,yes
20670,no
20671,yes
20673,no
20677,yes
20678,yes
20684,yes
20685,yes
20695,no
20697,yes
20700,no
20711,yes
20712,yes
20716,yes
20734,yes
20736,yes
20751,yes
20773,yes
20779,yes
20783,yes
20793,yes
20797,yes
20799,yes
20800,yes
20804,no
20808,yes
20810,yes
20827,no
20835,yes
20836,yes
20845,yes
20852,yes
20853,yes
20857,yes
20861,no
20863,no
20866,yes
20871,no
20876,no
20880,no
20884,no
20890,yes
20891,yes
20896,no
20899,yes
20905,no
20909,yes
20910,yes
20914,yes
20917,no
20922,yes
20925,yes
20928,yes
20939,yes
20942,yes
20943,yes
20945,yes
20946,yes
20952,no
20955,yes
20963,yes
20971,no
20989,yes
20993,yes
20994,yes
20996,yes
20999,yes
21003,yes
21009,no
21010,yes
21011,yes
21013,yes
21016,yes
21037,yes
21042,yes
21044,no
21045,yes
21061,no
21067,no
21070,yes
21078,yes
21080,no
21085,no
21086,yes
21088,yes
21090,no
21092,no
21093,yes
21098,yes
21104,yes
21106,yes
21109,no
21112,yes
21113,yes
21114,yes
21119,no
21121,yes
21124,yes
21125,no
21129,no
21133,no
21137,yes
21142,yes
21143,no
21150,yes
21159,yes
21166,no
21182,yes
21183,no
21188,yes
21189,yes
21198,no
21202,yes
21204,yes
21210,no
21212,no
21218,yes
21224,yes
21230,no
21257,yes
21270,no
21271,no
21273,yes
21277,yes
21279,no
21281,yes
21283,no
21284,yes
21300,no
21303,yes
21309,yes
21316,yes
21319,yes
21327,no
21331,yes
21334,yes
21336,yes
21345,yes
21351,yes
21352,yes
21354,no
21360,no
21363,yes
21365,yes
21373,yes
21374,yes
21376,no
21379,yes
21388,yes
21394,no
21399,no
21402,yes
21403,no
21405,yes
21409,no
21410,yes
21412,no
21418,yes
21423,yes
21424,no
21430,no
21438,yes
21440,yes
21447,yes
21451,yes
21458,no
21461,yes
21476,yes
21481,yes
21494,no
21500,yes
21511,no
21515,yes
21532,no
21533,yes
21551,yes
21553,no
21558,yes
21560,yes
21566,no
21569,yes
21589,yes
21591,yes
21592,no
21595,yes
21598,yes
21603,no
21604,no
21613,no
21619,yes
21623,no
21624,yes
21629,yes
21640,yes
21645,no
21647,yes
21652,yes
21654,no
21656,no
21658,yes
21670,yes
21671,yes
21689,yes
21695,no
21700,yes
21703,yes
21711,no
21717,yes
21725,yes
21728,no
21732,yes
21746,yes
21749,yes
21755,no
21758,yes
21765,yes
21772,no
21776,yes
21778,yes
21782,yes
21789,no
21790,yes
21797,yes
21798,no
21809,yes
21814,yes
21815,yes
21817,yes
21820,no
21824,yes
21825,yes
21827,yes
21830,yes
21833,no
21836,yes
21840,yes
21842,yes
21875,no
21879,yes
21880,no
21895,yes
21898,yes
21906,yes
21908,no
21910,yes
21917,no
21918,yes
21923,yes
21927,yes
21931,no
21939,yes
21941,no
21950,no
21954,yes
21962,yes
21963,yes
21969,no
21983,no
21990,no
21993,yes
21999,yes
22009,no
22013,yes
22015,yes
22017,yes
22024,yes
22032,no
22033,no
22039,yes
22041,yes
22042,yes
22044,yes
22051,yes
22053,yes
22056,yes
22057,yes
22061,yes
22066,yes
22068,yes
22076,yes
22080,yes
22083,yes
22088,no
22089,yes
22091,no
22104,no
22110,yes
22112,yes
22128,yes
22129,yes
22131,yes
22134,yes
22168,yes
22177,yes
22185,no
22190,yes
22193,yes
22194,yes
22205,yes
22207,yes
22208,yes
22211,no
22215,no
22223,yes
22227,no
22231,no
22232,yes
22233,yes
22241,no
22245,yes
22251,yes
22252,yes
22253,yes
22255,yes
22257,yes
22260,no
22272,yes
22274,yes
22278,yes
22297,yes
22300,yes
22303,no
22304,yes
22312,no
22315,yes
22328,yes
22333,no
22362,yes
22366,yes
22379,yes
22387,yes
22388,yes
22395,yes
22397,yes
22401,yes
22406,yes
22408,no
22413,no
22414,yes
22429,yes
22430,yes
22432,no
22437,yes
22439,yes
22464,yes
22469,yes
22473,no
22488,no
22496,no
22503,yes
22506,yes
22517,yes
22525,no
22528,yes
22531,yes
22534,yes
22539,yes
22552,yes
22554,yes
22559,yes
22561,no
22568,yes
22572,yes
22576,yes
22578,yes
22580,no
22585,yes
22587,yes
22600,no
22610,yes
22635,yes
22638,yes
22641,yes
22642,yes
22644,yes
22646,yes
22650,no
22654,no
22662,no
22663,no
22667,yes
22668,no
22674,yes
22691,yes
22695,no
22699,no
22706,yes
22708,no
22709,yes
22721,yes
22725,yes
22729,yes
22756,yes
22760,yes
22765,yes
22782,no
22790,yes
22791,yes
22794,yes
22800,yes
22802,yes
22812,no
22831,yes
22832,no
22837,no
22844,no
22851,yes
22854,no
22855,no
22864,no
22865,no
22870,yes
22874,yes
22875,yes
22876,yes
22878,yes
22879,no
22885,yes
22898,yes
22900,no
22901,yes
22902,no
22909,yes
22913,yes
22915,yes
22920,no
22924,yes
22933,yes
22934,no
22938,yes
22939,no
22948,yes
22959,yes
22961,no
22963,yes
22966,yes
22967,no
22970,yes
22977,no
22982,yes
22984,yes
22986,no
22992,yes
22996,yes
23006,no
23007,yes
23017,yes
23020,yes
23021,yes
23022,yes
23038,yes
23043,yes
23050,yes
23052,no
23058,yes
23059,no
23062,no
23067,yes
23072,no
23075,yes
23078,no
23084,yes
23089,yes
23102,yes
23106,yes
23107,yes
23111,yes
23115,no
23122,yes
23125,yes
23133,yes
23135,yes
23142,no
23145,no
23146,yes
23157,no
23162,yes
23166,no
23167,yes
23169,yes
23186,yes
23188,yes
23190,yes
23197,yes
23198,yes
23199,yes
23202,no
23207,yes
23212,no
23222,no
23229,no
23239,yes
23240,yes
23241,no
23242,no
23251,yes
23256,yes
23260,yes
23264,yes
23268,yes
23278,yes
23282,yes
23302,no
23307,no
23315,yes
23320,yes
23323,yes
23328,yes
23340,yes
23344,yes
23346,yes
23347,yes
23348,yes
23349,yes
23351,yes
23356,yes
23364,no
23366,yes
23368,no
23379,yes
23382,yes
23385,yes
23387,yes
23389,yes
23393,yes
23402,yes
23404,yes
23410,no
23411,yes
23414,yes
23417,yes
23419,yes
23423,no
23425,yes
23428,yes
23431,no
23434,yes
23437,yes
23441,yes
23446,no
23448,yes
23455,yes
23457,yes
23466,yes
23473,yes
23477,yes
23478,yes
23495,no
23501,no
23503,yes
23507,yes
23509,no
23512,yes
23515,no
23518,yes
23521,yes
23525,yes
23546,yes
23548,no
23561,no
23567,no
23571,yes
23574,yes
23581,yes
23586,yes
23593,yes
23594,no
23595,no
23600,no
23602,yes
23609,yes
23614,yes
23619,yes
23621,yes
23628,yes
23631,yes
23632,no
23641,no
23648,no
23650,yes
23665,no
23668,yes
23673,yes
23674,yes
23679,yes
23685,no
23686,no
23689,no
23694,yes
23698,yes
23703,yes
23704,yes
23706,yes
23707,yes
23714,yes
23722,yes
23724,no
23750,no
23757,no
23765,yes
23772,yes
23776,yes
23777,yes
23782,no
23786,yes
23788,no
23789,yes
23790,no
23798,no
23800,yes
23811,yes
23815,yes
23818,yes
23820,no
23825,yes
23828,yes
23829,yes
23838,yes
23841,yes
23843,yes
23844,yes
23845,no
23856,no
23860,yes
23862,no
23864,yes
23865,yes
23876,yes
23877,yes
23881,yes
23884,yes
23888,no
23901,yes
23903,no
23909,no
23911,no
23919,yes
23920,yes
23929,yes
23941,no
23943,yes
23948,no
23951,yes
23952,yes
23956,yes
23959,no
23971,yes
23988,yes
23990,no
23992,no
23997,yes
24007,yes
24015,yes
24018,yes
24025,no
24026,yes
24031,yes
24041,yes
24043,yes
24057,yes
24059,no
24063,yes
24065,no
24073,no
24086,yes
24090,no
24103,yes
24104,no
24110,no
24113,no
24114,yes
24125,yes
24128,yes
24142,yes
24144,yes
24145,no
24151,no
24157,no
24160,yes
24169,yes
24171,yes
24175,yes
24178,yes
24191,yes
24192,yes
24194,no
24196,no
24197,yes
24204,no
24212,yes
24214,yes
24242,no
24253,yes
24255,yes
24274,no
24282,yes
24285,yes
24293,yes
24294,no
24295,yes
24318,no
24320,yes
24325,yes
24332,yes
24335,yes
24355,yes
24358,no
24379,no
24381,no
24383,yes
24386,no
24387,yes
24388,yes
24391,yes
24394,yes
24395,yes
24398,yes
24401,yes
24402,yes
24411,no
24421,yes
24422,yes
24431,yes
24432,yes
24435,no
24438,no
24439,yes
24444,yes
24454,no
24463,no
24474,no
24475,yes
24476,yes
24479,yes
24494,no
24495,yes
24500,yes
24514,yes
24517,yes
24524,yes
24527,yes
24528,yes
24532,yes
24551,yes
24556,yes
24557,no
24559,yes
24574,yes
24575,yes
24584,yes
24593,yes
24595,yes
24597,yes
24608,no
24609,yes
24610,no
24612,yes
24617,yes
24618,yes
24620,no
24628,yes
24630,yes
24633,yes
24638,no
24642,no
24645,no
24647,yes
24648,yes
24656,yes
24660,no
24661,no
24663,no
24664,yes
24665,yes
24666,yes
24671,yes
24678,yes
24683,yes
24684,yes
24691,no
24700,no
24705,no
24708,yes
24711,yes
24712,yes
24722,no
24725,no
24733,yes
24743,yes
24751,yes
24752,no
24755,yes
24760,yes
24761,yes
24765,yes
24767,no
24771,no
24778,yes
24783,yes
24788,yes
24789,no
24797,no
24804,yes
24810,yes
24820,yes
24823,no
24825,no
24830,yes
24831,yes
24846,yes
24847,yes
24850,yes
24851,yes
24857,no
24859,yes
24863,no
24864,no
24872,yes
24884,no
24888,yes
24892,yes
24894,yes
24903,no
24908,yes
24909,yes
24917,yes
24918,no
24921,yes
24928,yes
24933,yes
24942,yes
24945,yes
24947,no
24951,yes
24963,no
24964,no
24974,yes
24976,yes
24979,yes
24988,yes
24993,yes
25012,yes
25022,no
25027,yes
25030,yes
25042,no
25046,yes
25047,yes
25061,yes
25063,no
25074,yes
25077,no
25080,yes
25086,yes
25100,yes
25106,yes
25109,no
25111,yes
25112,yes
25115,yes
25126,no
25134,no
25135,yes
25136,no
25137,yes
25139,yes
25155,no
25160,yes
25161,no
25163,no
25165,no
25176,yes
25181,no
25190,no
25194,yes
25202,yes
25210,yes
25219,yes
25220,yes
25224,no
25230,no
25237,yes
25238,yes
25250,yes
25253,yes
25255,yes
25264,no
25267,no
25270,yes
25271,yes
25277,yes
25287,yes
25292,yes
25303,yes
25304,yes
25305,yes
25307,yes
25311,yes
25315,yes
25323,no
25325,no
25334,no
25335,yes
25339,yes
25352,yes
25357,no
25367,no
25370,yes
25374,yes
25375,no
25379,yes
25389,yes
25393,yes
25405,yes
25408,no
25412,yes
25422,no
25427,yes
25431,yes
25436,yes
25439,yes
25442,no
25444,yes
25450,yes
25451,no
25470,yes
25477,yes
25483,yes
25490,yes
25493,yes
25496,no
25498,no
25501,no
25506,yes
25515,yes
25531,yes
25545,yes
25553,yes
25564,no
25566,no
25577,yes
25581,yes
25585,yes
25590,yes
25592,yes
25593,no
25599,yes
25603,yes
25604,yes
25606,yes
25610,no
25623,no
25624,yes
25628,yes
25631,yes
25634,yes
25637,no
25640,yes
25642,yes
25656,yes
25662,yes
25666,yes
25667,yes
25676,no
25677,no
25678,no
25679,no
25680,yes
25683,yes
25688,yes
25689,yes
25697,yes
25700,no
25702,yes
25703,yes
25710,yes
25717,no
25720,yes
25724,yes
25728,yes
25736,yes
25739,no
25742,no
25745,no
25750,yes
25757,yes
25766,yes
25768,yes
25777,yes
25780,no
25781,yes
25786,yes
25788,no
25791,yes
25810,no
25812,yes
25820,no
25822,yes
25823,yes
25824,yes
25832,yes
25842,yes
25848,yes
25853,no
25860,yes
25863,no
25867,no
25872,no
25878,no
25880,yes
25884,yes
25885,no
25890,yes
25891,yes
25926,no
25938,yes
25941,no
25946,yes
25949,no
25950,yes
25953,yes
25957,yes
25960,no
25961,no
25973,yes
25986,yes
25989,yes
25992,yes
25993,yes
25995,no
26010,yes
26016,yes
26028,yes
26034,no
26036,yes
26039,yes
26040,yes
26052,yes
26054,yes
26055,yes
26059,yes
26061,no
26062,yes
26074,yes
26083,no
26085,yes
26091,yes
26092,yes
26093,no
26097,yes
26107,no
26111,yes
26116,yes
26119,no
26120,yes
26122,yes
26123,yes
26126,no
26129,yes
26132,yes
26133,yes
26135,yes
26137,yes
26141,no
26142,yes
26153,yes
26156,yes
26157,no
26158,no
26168,yes
26169,yes
26171,no
26173,yes
26180,yes
26182,no
26192,no
26201,yes
26204,yes
26222,yes
26229,yes
26230,no
26236,yes
26237,no
26247,yes
26249,yes
26251,yes
26255,yes
26256,yes
26262,no
26280,no
26287,yes
26292,no
26296,no
26304,yes
26305,yes
26306,yes
26310,yes
26317,yes
26327,no
26329,yes
26343,yes
26346,yes
26349,yes
26352,yes
26363,yes
26365,yes
26366,no
26367,no
26369,yes
26378,yes
26381,yes
26382,yes
26396,yes
26398,no
26399,no
26407,yes
26412,yes
26426,yes
26430,yes
26435,yes
26436,yes
26447,yes
26453,yes
26455,no
26466,yes
26469,yes
26471,yes
26472,yes
26474,yes
26477,yes
26478,no
26480,no
26482,no
26488,no
26494,no
26507,no
26510,yes
26511,yes
26521,no
26543,no
26546,no
26549,no
26550,yes
26566,yes
26567,yes
26569,yes
26570,no
26575,yes
26578,no
26589,no
26592,yes
26595,no
26604,no
26610,yes
26622,yes
26623,yes
26640,yes
26651,no
26655,yes
26663,yes
26671,yes
26672,no
26673,yes
26675,yes
26680,no
26682,no
26690,yes
26698,no
26700,yes
26709,yes
26710,yes
26719,yes
26721,no
26725,yes
26726,yes
26731,yes
26742,no
26745,yes
26750,yes
26751,yes
26752,no
26754,yes
26766,no
26767,yes
26768,yes
26770,yes
26779,yes
26783,yes
26788,yes
26791,no
26792,yes
26798,no
26800,yes
26803,yes
26807,yes
26809,yes
26812,no
26821,no
26824,no
26826,yes
26841,yes
26855,yes
26869,yes
26870,yes
26878,no
26879,yes
26889,yes
26894,no
26900,yes
26902,yes
26906,no
26910,no
26912,no
26916,yes
26933,yes
26935,no
26936,yes
26957,no
26958,yes
26967,no
26970,no
26973,yes
26987,yes
26988,yes
26989,yes
26992,yes
26995,yes
27001,yes
27005,no
27019,no
27020,yes
27030,yes
27036,yes
27038,yes
27041,yes
27042,yes
27043,yes
27046,yes
27056,yes
27057,yes
27066,yes
27067,no
27069,no
27070,yes
27071,yes
27072,yes
27089,no
27093,yes
27096,no
27098,yes
27101,yes
27103,no
27109,no
27111,yes
27124,no
27131,yes
27136,yes
27138,yes
27148,yes
27156,yes
27168,no
27172,yes
27174,yes
27178,yes
27187,yes
27189,no
27195,yes
27197,yes
27198,yes
27202,no
27205,no
27211,yes
27217,yes
27231,yes
27241,no
27258,no
27259,yes
27263,yes
27266,no
27268,no
27269,yes
27270,yes
27271,yes
27276,yes
27285,no
27287,yes
27288,yes
27291,yes
27298,yes
27313,yes
27321,yes
27323,no
27336,yes
27338,yes
27339,yes
27341,yes
27343,yes
27344,yes
27347,yes
27348,no
27351,no
27352,yes
27353,yes
27354,yes
27355,no
27365,no
27372,yes
27377,yes
27390,yes
27392,yes
27393,yes
27398,no
27402,yes
27406,no
27407,no
27412,yes
27415,yes
27419,yes
27425,yes
27431,yes
27433,no
27434,yes
27441,yes
27445,yes
27446,yes
27448,yes
27454,yes
27462,yes
27468,yes
27475,yes
27478,no
27481,yes
27487,yes
27489,yes
27495,yes
27498,yes
27506,no
27518,no
27520,yes
27524,yes
27536,no
27541,yes
27549,yes
27556,yes
27561,no
27562,no
27565,no
27566,no
27575,yes
27578,yes
27587,yes
27596,yes
27597,yes
27600,yes
27601,no
27610,yes
27614,no
27623,yes
27627,yes
27628,yes
27629,yes
27632,yes
27634,no
27635,yes
27640,yes
27642,yes
27647,yes
27654,yes
27660,no
27662,no
27663,yes
27666,no
27669,yes
27672,yes
27686,yes
27687,yes
27688,yes
27692,yes
27711,no
27715,no
27718,yes
27726,no
27729,no
27735,yes
27736,yes
27738,no
27752,yes
27757,yes
27776,yes
27782,yes
27787,no
27791,yes
27793,yes
27794,no
27796,no
27800,yes
27803,yes
27810,no
27822,yes
27829,no
27840,no
27841,yes
27843,yes
27847,yes
27855,no
27866,yes
27867,yes
27870,yes
27871,no
27875,yes
27883,yes
27887,no
27888,yes
27890,no
27893,yes
27895,no
27906,yes
27913,yes
27921,no
27930,no
27937,no
27948,yes
27954,no
27968,yes
27974,no
27978,no
27987,yes
27988,yes
27992,yes
27993,yes
27996,yes
28003,no
28006,no
28011,yes
28036,yes
28041,yes
28049,no
28053,yes
28055,no
28057,yes
28064,no
28074,yes
28081,yes
28094,no
28107,yes
28111,yes
28114,yes
28115,no
28119,yes
28122,yes
28124,yes
28128,yes
28130,yes
28131,yes
28148,no
28153,yes
28163,yes
28164,yes
28165,yes
28174,yes
28182,yes
28198,no
28201,yes
28207,no
28208,yes
28230,yes
28232,yes
28233,yes
28235,no
28244,yes
28245,no
28247,yes
28252,yes
28255,no
28260,no
28264,no
28267,no
28271,yes
28272,no
28281,yes
28286,no
28287,yes
28290,yes
28293,no
28294,yes
28298,yes
28299,yes
28304,no
28307,yes
28318,yes
28328,no
28331,no
28335,no
28338,yes
28361,yes
28372,yes
28375,yes
28377,no
28379,yes
28384,yes
28390,yes
28391,no
28394,yes
28407,yes
28408,yes
28417,yes
28419,yes
28432,yes
28435,no
28443,yes
28453,yes
28465,no
28469,yes
28470,yes
28491,yes
28492,no
28497,yes
28509,no
28512,no
28513,yes
28517,yes
28519,yes
28523,yes
28526,no
28529,yes
28530,yes
28532,yes
28534,yes
28538,yes
28539,yes
28545,no
28546,yes
28554,no
28555,no
28561,yes
28564,yes
28587,yes
28588,yes
28589,yes
28596,yes
28601,yes
28607,no
28612,yes
28616,yes
28622,no
28624,yes
28632,yes
28634,no
28635,yes
28636,yes
28651,yes
28656,yes
28657,yes
28660,no
28673,yes
28680,yes
28693,yes
28697,yes
28703,no
28718,yes
28723,yes
28730,yes
28732,yes
28733,yes
28737,no
28739,yes
28745,yes
28746,yes
28749,no
28759,yes
28770,no
28771,yes
28777,no
28796,yes
28804,no
28805,no
28826,yes
28830,yes
28832,no
28841,yes
28845,yes
28854,yes
28856,yes
28859,no
28864,yes
28873,yes
28874,yes
28875,yes
28879,yes
28890,yes
28894,no
28909,yes
28913,yes
28925,yes
28927,yes
28934,yes
28944,no
28949,yes
28951,no
28953,yes
28961,yes
28963,yes
28966,yes
28978,yes
28981,yes
28982,no
28983,yes
28986,no
28989,no
28994,yes
28998,yes
29004,no
29007,yes
29017,yes
29019,yes
29024,yes
29036,yes
29037,yes
29038,yes
29042,yes
29043,no
29044,yes
29056,no
29064,yes
29067,no
29073,yes
29078,yes
29079,no
29082,yes
29083,yes
29084,yes
29088,yes
29091,no
29107,no
29121,yes
29131,yes
29142,yes
29151,yes
29153,no
29160,no
29163,yes
29171,no
29174,no
29176,no
29182,yes
29197,yes
29198,no
29200,no
29207,no
29208,no
29213,no
29214,yes
29220,no
29226,no
29233,yes
29234,yes
29236,yes
29240,yes
29252,yes
29264,yes
29265,yes
29267,yes
29268,yes
29270,yes
29290,yes
29291,no
29293,no
29314,yes
29316,no
29320,yes
29321,no
29325,no
29330,yes
29334,yes
29338,yes
29339,yes
29340,yes
29346,no
29348,yes
29355,yes
29357,no
29358,yes
29359,yes
29368,no
29372,no
29379,yes
29380,yes
29391,yes
29394,no
29397,no
29416,yes
29418,yes
29421,yes
29422,yes
29426,yes
29428,yes
29432,yes
29441,yes
29445,yes
29446,yes
29453,yes
29455,yes
29463,no
29468,no
29470,yes
29481,yes
29489,yes
29496,yes
29503,yes
29507,yes
29518,yes
29525,yes
29535,no
29537,no
29539,yes
29540,yes
29545,yes
29556,yes
29564,yes
29566,yes
29573,no
29575,no
29578,yes
29579,yes
29586,yes
29587,no
29591,no
29593,yes
29595,yes
29601,yes
29614,yes
29617,yes
29621,yes
29622,yes
29626,yes
29629,yes
29631,yes
29633,no
29640,yes
29648,yes
29656,no
29661,no
29662,no
29664,yes
29671,no
29681,no
29684,yes
29691,no
29695,yes
29697,yes
29701,yes
29705,yes
29706,yes
29717,yes
29720,yes
29730,no
29732,yes
29733,no
29746,yes
29755,no
29758,no
29777,yes
29781,yes
29788,yes
29792,no
29794,yes
29796,yes
29802,yes
29808,yes
29813,no
29814,no
29822,no
29825,yes
29829,yes
29840,no
29841,yes
29844,yes
29847,no
29853,yes
29860,yes
29864,yes
29867,yes
29881,no
29884,yes
29887,yes
29893,no
29895,yes
29903,no
29908,no
29912,yes
29913,no
29918,no
29924,no
29928,no
29929,no
29932,yes
29933,no
29938,no
29945,yes
29946,no
29947,yes
29952,no
29968,no
29969,yes
29970,no
29972,yes
29974,yes
29978,yes
29983,yes
29988,yes
29992,yes
30006,yes
30018,no
30022,yes
30023,yes
30027,yes
30028,yes
30030,no
30034,no
30041,yes
30047,no
30048,yes
30050,yes
30052,yes
30060,yes
30061,yes
30071,no
30095,yes
30099,no
30100,yes
30104,no
30105,yes
30107,yes
30117,yes
30126,yes
30127,yes
30129,yes
30131,no
30133,no
30136,no
30141,yes
30148,no
30150,yes
30154,yes
30163,no
30165,no
30167,no
30172,yes
30176,no
30178,no
30188,yes
30190,yes
30191,no
30201,yes
30214,yes
30216,yes
30228,yes
30229,yes
30234,yes
30254,no
30260,yes
30262,yes
30263,yes
30267,yes
30275,yes
30296,yes
30302,no
30308,no
30311,yes
30313,yes
30324,yes
30326,yes
30330,yes
30334,no
30339,yes
30346,no
30348,no
30352,yes
30356,no
30360,yes
30361,yes
30375,yes
30380,no
30383,yes
30390,yes
30403,no
30417,no
30431,no
30432,no
30434,yes
30435,yes
30438,yes
30439,yes
30450,yes
30454,no
30455,no
30460,yes
30464,yes
30466,yes
30472,yes
30474,yes
30476,yes
30479,yes
30480,yes
30483,no
30487,no
30492,no
30495,yes
30497,yes
30500,yes
30501,no
30502,yes
30504,no
30507,yes
30508,yes
30509,no
30517,no
30518,no
30523,no
30525,yes
30529,yes
30532,no
30536,yes
30537,yes
30542,no
30545,yes
30546,yes
30549,yes
30569,yes
30578,yes
30581,no
30585,yes
30589,yes
30594,yes
30616,yes
30621,yes
30627,no
30635,yes
30640,yes
30643,no
30653,yes
30655,no
30676,yes
30685,yes
30690,no
30693,yes
30696,yes
30697,no
30705,yes
30708,yes
30710,yes
30712,yes
30715,yes
30720,yes
30721,yes
30722,yes
30730,yes
30735,yes
30736,no
30743,yes
30753,yes
30757,no
30767,yes
30773,yes
30774,yes
30775,no
30782,yes
30783,yes
30787,yes
30793,no
30803,yes
30806,yes
30834,yes
30836,yes
30837,yes
30839,no
30842,yes
30846,yes
30851,yes
30856,yes
30859,yes
30862,yes
30870,no
30872,yes
30876,no
30877,yes
30879,yes
30899,yes
30900,no
30903,no
30909,no
30923,yes
30931,no
30933,yes
30955,no
30956,yes
30959,yes
30964,yes
30973,yes
30975,no
30978,yes
30982,yes
30990,yes
30993,no
31001,yes
31003,yes
31005,no
31006,yes
31013,yes
31022,yes
31033,yes
31045,yes
31052,yes
31055,yes
31060,yes
31069,yes
31079,no
31082,yes
31083,yes
31084,yes
31090,no
31098,no
31102,yes
31117,yes
31118,yes
31121,yes
31124,yes
31127,yes
31129,yes
31130,no
31137,yes
31140,yes
31144,no
31147,yes
31150,yes
31152,yes
31156,yes
31160,no
31161,yes
31175,yes
31176,no
31178,yes
31192,no
31195,no
31201,yes
31206,yes
31211,yes
31212,yes
31213,yes
31215,yes
31216,yes
31218,no
31223,yes
31224,yes
31239,yes
31240,yes
31251,yes
31260,no
31265,yes
31268,yes
31271,yes
31272,yes
31273,no
31281,yes
31282,no
31284,no
31293,yes
31297,no
31298,yes
31301,yes
31307,yes
31310,yes
31320,yes
31325,yes
31332,yes
31333,yes
31334,yes
31337,yes
31340,no
31341,no
31344,yes
31348,yes
31351,yes
31354,no
31359,yes
31362,yes
31363,yes
31384,yes
31388,yes
31390,yes
31392,no
31396,yes
31400,yes
31401,no
31403,no
31413,no
31422,no
31429,yes
31435,yes
31453,no
31460,yes
31474,yes
31476,no
31484,yes
31486,no
31487,yes
31492,yes
31498,no
31499,yes
31500,no
31507,no
31510,yes
31511,no
31514,yes
31524,yes
31532,yes
31541,yes
31543,yes
31551,yes
31560,yes
31562,yes
31593,no
31594,yes
31596,yes
31603,no
31607,yes
31609,yes
31612,no
31617,no
31625,yes
31633,yes
31634,yes
31637,yes
31638,yes
31647,no
31651,yes
31658,yes
31662,yes
31665,yes
31670,yes
31682,yes
31688,yes
31704,yes
31709,yes
31718,no
31722,yes
31730,yes
31732,yes
31737,yes
31741,yes
31743,yes
31744,yes
31751,no
31758,yes
31762,yes
31765,yes
31768,no
31775,yes
31783,yes
31790,no
31799,yes
31803,yes
31804,yes
31806,yes
31807,no
31809,yes
31820,yes
31822,yes
31826,yes
31839,no
31844,yes
31849,yes
31860,yes
31862,yes
31866,yes
31867,yes
31870,no
31873,yes
31874,yes
31880,yes
31883,no
31885,yes
31889,no
31892,no
31898,yes
31901,yes
31903,yes
31908,no
31909,yes
31916,yes
31920,no
31926,no
31940,no
31944,yes
31948,yes
31951,no
31953,yes
31966,no
31971,no
31972,no
31973,yes
31977,no
31986,no
31989,yes
31990,yes
31994,yes
31995,yes
31997,yes
32006,yes
32019,yes
32021,no
32033,yes
32044,yes
32050,yes
32051,yes
32053,no
32069,yes
32073,no
32084,yes
32086,yes
32092,yes
32101,yes
32110,no
32118,yes
32127,yes
32128,no
32132,no
32140,yes
32147,no
32154,yes
32155,yes
32159,no
32164,no
32167,no
32168,no
32172,no
32184,yes
32187,yes
32188,yes
32198,yes
32205,yes
32219,no
32221,yes
32241,no
32248,yes
32250,no
32251,yes
32252,no
32258,yes
32269,yes
32274,yes
32277,yes
32279,yes
32282,no
32283,yes
32285,yes
32287,yes
32290,no
32292,yes
32296,no
32297,no
32302,yes
32305,no
32306,yes
32310,no
32318,yes
32334,no
32336,yes
32338,yes
32340,yes
32341,yes
32348,yes
32369,no
32371,yes
32372,yes
32375,yes
32384,no
32386,no
32399,yes
32403,yes
32406,yes
32408,yes
32411,yes
32414,yes
32417,yes
32423,yes
32433,yes
32438,yes
32442,yes
32460,yes
32464,yes
32468,yes
32481,yes
32484,yes
32486,yes
32488,no
32490,yes
32493,yes
32494,yes
32500,yes
32501,yes
32502,yes
32510,yes
32513,yes
32515,no
32519,yes
32523,yes
32528,yes
32529,yes
32531,yes
32534,yes
32535,yes
32538,yes
32540,yes
32554,no
32559,no
32562,no
32577,no
32583,no
32584,yes
32586,yes
32591,no
32598,yes
32607,yes
32608,no
32619,yes
32622,yes
32625,no
32636,yes
32640,yes
32642,yes
32647,no
32655,no
32657,yes
32663,yes
32668,no
32669,yes
32683,no
32693,yes
32700,no
32702,no
32707,yes
32711,yes
32713,yes
32716,no
32718,no
32720,yes
32725,yes
32730,yes
32731,no
32737,yes
32745,yes
32747,yes
32755,no
32756,yes
32758,yes
32763,yes
32764,yes
32779,yes
32781,yes
32785,no
32786,yes
32787,yes
32791,yes
32793,yes
32806,yes
32812,yes
32822,yes
32825,no
32826,yes
32829,yes
32832,no
32839,no
32841,no
32847,yes
32848,no
32849,yes
32850,yes
32854,yes
32861,yes
32869,no
32873,yes
32884,no
32888,no
32889,yes
32894,yes
32898,no
32899,yes
32905,yes
32908,yes
32917,yes
32923,no
32930,yes
32932,yes
32935,no
32939,yes
32942,no
32949,no
32955,yes
32961,no
32962,no
32966,no
32978,yes
32982,yes
32984,yes
32988,yes
32992,yes
32996,yes
33001,yes
33005,yes
33009,yes
33013,yes
33019,yes
33023,yes
33024,no
33026,yes
33031,yes
33032,yes
33042,yes
33044,yes
33049,yes
33051,yes
33055,yes
33059,yes
33066,yes
33073,yes
33074,no
33075,yes
33077,no
33081,yes
33087,yes
33089,yes
33097,yes
33098,no
33100,no
33104,no
33109,yes
33113,yes
33114,yes
33118,yes
33119,yes
33121,yes
33129,yes
33131,no
33140,no
33144,no
33148,yes
33153,no
33163,yes
33165,yes
33185,no
33189,yes
33190,yes
33195,yes
33199,no
33202,no
33211,yes
33213,no
33216,yes
33220,yes
33225,yes
33228,no
33229,yes
33234,no
33242,yes
33248,yes
33249,yes
33262,yes
33267,yes
33276,no
33279,yes
33284,yes
33291,yes
33300,no
33302,no
33309,yes
33310,yes
33311,yes
33312,yes
33315,no
33318,yes
33322,yes
33334,yes
33336,yes
33337,yes
33341,no
33347,yes
33357,no
33363,no
33364,yes
33371,no
33379,yes
33381,yes
33383,no
33388,yes
33389,yes
33391,yes
33392,yes
33393,yes
33394,yes
33404,yes
33405,no
33406,no
33408,yes
33411,yes
33415,no
33419,no
33422,no
33426,yes
33434,yes
33435,no
33453,yes
33456,no
33457,yes
33465,yes
33467,yes
33473,yes
33477,yes
33478,yes
33480,yes
33486,yes
33487,yes
33492,no
33497,no
33498,yes
33508,yes
33510,no
33512,yes
33520,yes
33522,no
33530,yes
33532,no
33538,yes
33542,no
33547,no
33555,no
33560,yes
33561,yes
33562,yes
33567,no
33574,yes
33578,no
33599,no
33601,yes
33604,yes
33617,yes
33620,no
33624,yes
33625,no
33626,yes
33632,no
33635,yes
33638,yes
33641,no
33644,no
33647,yes
33656,no
33659,no
33666,no
33668,yes
33671,yes
33682,no
33696,yes
33702,no
33706,yes
33710,yes
33721,no
33735,yes
33741,yes
33746,yes
33748,yes
33749,yes
33751,yes
33766,yes
33771,yes
33772,no
33784,yes
33787,no
33788,no
33796,no
33797,yes
33798,yes
33820,yes
33825,yes
33828,yes
33831,yes
33832,yes
33843,no
33849,no
33853,no
33856,yes
33883,yes
33884,no
33886,yes
33893,yes
33894,yes
33898,yes
33899,yes
33910,yes
33915,yes
33923,yes
33924,no
33926,yes
33942,yes
33947,yes
33951,yes
33956,yes
33962,yes
33966,yes
33967,no
33983,no
33988,no
33990,yes
33991,yes
33997,yes
34010,yes
34029,yes
34032,yes
34033,yes
34039,no
34049,yes
34050,no
34051,yes
34053,yes
34057,yes
34058,no
34060,no
34066,yes
34067,no
34068,no
34070,yes
34071,yes
34073,yes
34086,yes
34089,yes
34092,yes
34093,yes
34097,yes
34106,yes
34120,yes
34123,yes
34139,no
34143,no
34154,yes
34161,yes
34168,yes
34171,no
34173,yes
34178,yes
34185,yes
34186,yes
34194,yes
34197,yes
34198,no
34199,yes
34211,yes
34212,yes
34213,no
34220,yes
34226,yes
34240,yes
34259,yes
34261,yes
34267,no
34271,yes
34285,yes
34286,no
34298,yes
34310,yes
34312,yes
34314,yes
34319,no
34322,yes
34325,no
34328,yes
34332,yes
34339,yes
34350,yes
34351,yes
34352,yes
34356,yes
34357,yes
34359,yes
34368,yes
34372,no
34376,no
34380,no
34383,yes
34384,no
34398,yes
34407,yes
34421,yes
34422,yes
34430,yes
34431,no
34436,yes
34439,yes
34444,no
34448,no
34459,no
34462,no
34468,no
34471,yes
34482,no
34486,no
34491,yes
34492,yes
34493,yes
34498,yes
34500,yes
34507,no
34510,yes
34514,no
34518,yes
34519,yes
34520,yes
34523,yes
34532,no
34534,yes
34542,yes
34543,yes
34549,yes
34556,yes
34571,yes
34572,yes
34579,yes
34580,no
34592,yes
34599,yes
34600,yes
34610,no
34621,yes
34623,yes
34628,no
34632,yes
34633,yes
34639,no
34640,no
34641,yes
34643,no
34649,yes
34653,no
34654,yes
34655,no
34674,yes
34681,yes
34684,yes
34686,yes
34713,yes
34717,no
34722,yes
34728,no
34735,yes
34741,yes
34745,yes
34746,yes
34748,yes
34750,yes
34758,no
34760,no
34766,yes
34767,yes
34774,yes
34780,yes
34785,no
34795,yes
34798,yes
34799,yes
34801,yes
34806,no
34808,yes
34810,yes
34811,yes
34816,no
34824,no
34826,no
34829,yes
34834,no
34836,no
34837,yes
34850,yes
34856,yes
34860,no
34866,yes
34869,yes
34870,yes
34875,yes
34885,yes
34887,yes
34888,yes
34894,yes
34896,no
34901,yes
34902,yes
34906,yes
34909,no
34911,yes
34912,yes
34918,yes
34919,no
34924,yes
34931,no
34933,yes
34937,no
34940,yes
34941,yes
34943,yes
34964,no
34966,yes
34969,yes
34970,yes
34980,yes
34985,yes
34989,yes
34992,yes
35016,no
35028,yes
35034,yes
35038,no
35043,yes
35044,yes
35049,yes
35060,yes
35066,yes
35071,yes
35074,no
35078,yes
35087,yes
35092,no
35100,yes
35102,yes
35106,no
35110,no
35111,no
35112,no
35113,yes
35125,no
35131,yes
35133,yes
35134,yes
35140,no
35144,no
35148,yes
35151,no
35155,yes
35161,yes
35165,yes
35166,yes
35168,yes
35174,no
35178,yes
35188,no
35196,no
35198,yes
35202,yes
35203,yes
35211,yes
35213,yes
35221,yes
35227,yes
35231,yes
35234,yes
35238,yes
35240,no
35241,yes
35244,yes
35263,yes
35269,yes
35271,yes
35273,yes
35275,yes
35278,yes
35287,yes
35288,yes
35290,yes
35298,no
35303,yes
35306,yes
35307,no
35308,no
35312,yes
35314,no
35317,yes
35321,no
35329,no
35332,yes
35333,yes
35341,no
35352,yes
35358,yes
35361,yes
35368,no
35373,yes
35374,yes
35376,no
35388,yes
35402,no
35407,yes
35413,yes
35415,yes
35422,yes
35424,yes
35426,no
35429,yes
35436,no
35446,yes
35451,yes
35458,no
35460,yes
35462,yes
35463,no
35466,yes
35471,no
35474,no
35476,yes
35479,yes
35491,yes
35494,no
35498,yes
35509,yes
35510,yes
35523,yes
35528,yes
35531,yes
35533,yes
35534,yes
35538,yes
35542,yes
35546,yes
35551,no
35558,yes
35559,yes
35565,yes
35569,no
35570,yes
35574,yes
35582,yes
35585,yes
35588,yes
35595,yes
35597,no
35604,no
35610,yes
35624,yes
35632,no
35635,no
35643,yes
35645,yes
35646,yes
35648,yes
35651,no
35655,yes
35659,yes
35660,yes
35661,yes
35669,yes
35675,no
35686,no
35689,no
35695,yes
35707,yes
35711,yes
35723,yes
35737,yes
35745,yes
35750,yes
35760,yes
35774,yes
35781,yes
35785,yes
35792,yes
35793,no
35797,yes
35807,yes
35808,no
35811,no
35815,no
35819,no
35838,no
35843,yes
35846,yes
35851,no
35853,yes
35866,yes
35867,no
35870,no
35874,yes
35876,no
35877,yes
35885,yes
35889,yes
35891,no
35905,yes
35909,yes
35922,yes
35925,yes
35926,no
35930,yes
35931,no
35934,yes
35952,yes
35960,yes
35962,yes
35966,yes
35968,yes
35970,yes
35971,yes
35974,yes
35979,yes
35980,yes
35986,yes
35988,yes
35997,yes
36000,no
36003,yes
36007,no
36010,yes
36020,yes
36040,yes
36042,yes
36047,yes
36051,yes
36058,no
36063,yes
36064,yes
36073,yes
36074,yes
36078,yes
36079,no
36083,no
36087,no
36091,yes
36098,no
36100,yes
36108,yes
36109,yes
36130,no
36139,no
36140,no
36141,yes
36160,yes
36163,yes
36164,yes
36169,yes
36176,no
36177,yes
36179,no
36182,no
36184,no
36186,yes
36187,yes
36190,yes
36194,yes
36196,no
36198,yes
36199,no
36202,yes
36204,yes
36208,yes
36212,yes
36215,yes
36220,no
36222,yes
36223,no
36230,yes
36241,yes
36242,yes
36246,yes
36247,yes
36248,yes
36257,no
36258,no
36263,yes
36269,no
36273,yes
36275,yes
36277,yes
36279,no
36286,yes
36287,yes
36289,yes
36298,yes
36315,no
36322,yes
36324,yes
36325,yes
36326,no
36338,yes
36339,yes
36342,yes
36343,yes
36351,yes
36352,yes
36358,no
36367,yes
36368,no
36369,no
36373,no
36376,yes
36379,yes
36386,yes
36389,yes
36396,yes
36401,yes
36412,yes
36413,yes
36416,yes
36417,yes
36420,no
36421,yes
36426,yes
36431,no
36437,yes
36442,no
36445,yes
36448,yes
36449,yes
36458,no
36462,yes
36472,yes
36480,yes
36491,yes
36515,yes
36516,yes
36517,yes
36522,yes
36531,no
36543,no
36544,yes
36547,yes
36549,yes
36550,no
36551,no
36557,yes
36559,yes
36560,yes
36561,yes
36562,yes
36570,yes
36571,yes
36572,yes
36573,yes
36577,yes
36588,no
36592,no
36598,no
36605,yes
36606,no
36607,yes
36611,yes
36617,no
36618,yes
36622,yes
36632,yes
36638,yes
36643,no
36652,no
36660,yes
36673,yes
36676,yes
36678,yes
36692,yes
36696,yes
36701,yes
36702,yes
36709,yes
36722,no
36725,yes
36727,yes
36729,yes
36746,yes
36755,yes
36761,yes
36764,yes
36773,yes
36784,yes
36793,yes
36796,yes
36798,no
36800,yes
36801,yes
36810,yes
36818,yes
36821,yes
36826,no
36827,yes
36828,no
36829,yes
36830,yes
36834,yes
36837,yes
36838,no
36843,yes
36846,yes
36848,yes
36849,yes
36864,yes
36868,yes
36876,yes
36877,yes
36888,yes
36898,yes
36899,yes
36905,yes
36910,yes
36912,yes
36916,yes
36929,no
36936,yes
36937,yes
36938,no
36940,yes
36941,yes
36946,yes
36947,no
36955,yes
36959,no
36966,yes
36969,no
36971,yes
36979,yes
36983,yes
36987,yes
36988,yes
36990,no
37009,no
37016,yes
37017,yes
37019,yes
37021,yes
37023,yes
37024,yes
37027,yes
37039,yes
37042,yes
37057,yes
37060,yes
37063,no
37073,yes
37080,yes
37087,no
37100,yes
37103,yes
37115,no
37116,yes
37125,yes
37132,no
37134,yes
37138,no
37140,yes
37151,yes
37158,no
37159,yes
37161,yes
37164,yes
37166,yes
37168,yes
37169,yes
37177,yes
37181,yes
37202,yes
37206,yes
37208,yes
37209,no
37211,yes
37219,yes
37240,yes
37242,yes
37243,yes
37249,yes
37250,no
37258,no
37259,yes
37264,yes
37265,yes
37269,yes
37270,yes
37271,yes
37275,yes
37277,no
37278,yes
37292,yes
37293,yes
37296,no
37301,yes
37303,no
37310,yes
37311,yes
37312,yes
37314,yes
37315,no
37325,yes
37328,yes
37341,no
37349,yes
37356,no
37360,no
37369,yes
37371,no
37376,no
37384,yes
37388,yes
37399,yes
37405,yes
37406,no
37413,yes
37419,no
37420,yes
37422,yes
37424,yes
37429,no
37430,yes
37441,yes
37444,yes
37446,yes
37450,yes
37455,yes
37463,yes
37464,yes
37466,no
37469,yes
37479,yes
37480,yes
37481,yes
37485,yes
37487,yes
37491,yes
37492,yes
37496,no
37512,yes
37515,yes
37526,yes
37529,yes
37530,yes
37535,yes
37540,no
37553,yes
37555,yes
37559,yes
37573,no
37579,no
37587,yes
37590,no
37592,yes
37601,no
37617,yes
37618,yes
37619,no
37630,yes
37640,yes
37641,no
37644,yes
37656,yes
37659,yes
37668,yes
37674,yes
37676,yes
37705,yes
37706,yes
37714,no
37715,yes
37728,no
37729,yes
37744,no
37754,yes
37765,yes
37770,yes
37779,yes
37780,no
37781,no
37783,no
37784,yes
37786,yes
37789,no
37800,yes
37804,yes
37814,yes
37817,no
37823,no
37825,yes
37827,yes
37830,yes
37843,yes
37846,yes
37848,yes
37851,yes
37854,yes
37870,yes
37874,yes
37876,yes
37878,no
37882,yes
37886,yes
37891,no
37895,no
37901,no
37903,no
37905,no
37907,yes
37918,yes
37926,yes
37938,yes
37943,no
37947,yes
37959,no
37962,yes
37970,yes
37972,no
37976,no
37984,yes
37994,yes
38000,no
38001,yes
38013,yes
38017,yes
38021,yes
38025,yes
38026,yes
38027,no
38029,yes
38030,yes
38035,yes
38042,no
38044,yes
38045,no
38054,no
38056,yes
38060,yes
38062,no
38064,yes
38071,no
38077,no
38084,yes
38094,yes
38096,yes
38101,no
38103,yes
38104,no
38114,yes
38120,yes
38123,no
38127,yes
38129,yes
38138,yes
38142,yes
38144,no
38145,yes
38164,yes
38167,yes
38168,no
38174,yes
38175,yes
38183,yes
38187,yes
38196,no
38198,no
38201,yes
38207,yes
38210,no
38213,no
38221,yes
38225,yes
38231,no
38235,no
38239,no
38243,no
38248,yes
38252,yes
38253,yes
38259,yes
38260,no
38262,yes
38263,yes
38265,yes
38274,yes
38285,yes
38293,yes
38303,no
38314,yes
38325,yes
38330,no
38332,yes
38339,yes
38350,yes
38358,yes
38361,yes
38364,yes
38367,yes
38372,no
38379,no
38382,no
38384,yes
38394,yes
38400,yes
38402,yes
38404,yes
38414,yes
38422,no
38424,yes
38427,yes
38429,yes
38432,yes
38441,yes
38450,yes
38451,yes
38457,yes
38458,yes
38459,yes
38462,no
38463,yes
38477,yes
38478,no
38487,yes
38493,yes
38502,yes
38511,yes
38513,yes
38514,no
38517,no
38519,yes
38522,yes
38525,yes
38541,yes
38542,no
38544,yes
38548,yes
38553,yes
38559,no
38563,no
38572,yes
38573,yes
38581,yes
38589,yes
38592,no
38596,yes
38599,no
38602,yes
38608,yes
38619,yes
38620,yes
38622,yes
38625,yes
38628,yes
38629,yes
38630,yes
38635,yes
38646,no
38647,yes
38648,yes
38653,yes
38657,yes
38662,no
38663,yes
38665,yes
38666,yes
38680,yes
38681,yes
38684,yes
38687,yes
38694,yes
38699,yes
38701,yes
38706,yes
38710,yes
38723,no
38725,yes
38729,yes
38733,yes
38736,yes
38738,yes
38739,no
38740,no
38756,yes
38763,yes
38766,yes
38768,yes
38773,no
38788,yes
38794,yes
38796,no
38808,yes
38810,yes
38817,no
38823,yes
38827,no
38830,no
38831,yes
38836,yes
38837,yes
38838,yes
38841,yes
38851,yes
38861,yes
38867,no
38868,yes
38874,yes
38879,yes
38880,yes
38881,no
38882,yes
38887,no
38888,yes
38898,no
38900,no
38909,no
38918,no
38925,no
38933,yes
38934,yes
38935,yes
38938,no
38949,yes
38953,no
38964,yes
38975,yes
38987,yes
38996,yes
38998,yes
39002,yes
39014,yes
39016,yes
39019,yes
39022,no
39023,no
39040,no
39043,yes
39056,no
39057,no
39064,yes
39066,yes
39075,no
39076,yes
39092,no
39099,no
39101,yes
39111,no
39113,yes
39118,yes
39119,yes
39121,no
39122,yes
39134,yes
39137,no
39144,yes
39150,yes
39154,no
39159,yes
39164,yes
39166,yes
39170,yes
39171,yes
39174,yes
39176,yes
39177,yes
39178,no
39189,yes
39193,yes
39199,yes
39202,yes
39215,no
39217,yes
39221,yes
39228,yes
39230,yes
39247,no
39260,no
39265,yes
39268,yes
39276,yes
39279,no
39280,yes
39282,yes
39298,yes
39303,yes
39304,yes
39308,no
39318,yes
39322,yes
39325,yes
39327,yes
39332,yes
39338,yes
39339,yes
39347,yes
39348,yes
39350,yes
39361,yes
39365,no
39366,yes
39374,yes
39381,no
39386,yes
39392,yes
39397,yes
39399,no
39410,yes
39414,no
39416,yes
39424,yes
39428,yes
39444,yes
39447,no
39474,yes
39475,yes
39484,yes
39507,yes
39510,yes
39524,yes
39525,no
39534,yes
39537,yes
39539,yes
39545,yes
39551,no
39557,yes
39570,yes
39571,yes
39572,yes
39574,yes
39577,yes
39579,no
39582,no
39584,no
39590,no
39592,no
39593,yes
39599,yes
39600,yes
39604,yes
39611,no
39613,yes
39616,yes
39617,yes
39624,yes
39630,yes
39633,yes
39640,yes
39649,no
39651,yes
39654,yes
39655,yes
39658,yes
39660,yes
39668,no
39675,yes
39693,no
39695,no
39707,yes
39713,yes
39716,yes
39717,yes
39727,yes
39735,yes
39739,yes
39743,no
39751,yes
39760,yes
39762,yes
39763,no
39766,no
39769,yes
39772,no
39776,yes
39777,yes
39778,no
39781,yes
39782,yes
39790,yes
39791,yes
39800,yes
39801,no
39805,yes
39813,no
39817,no
39821,yes
39823,no
39824,yes
39836,yes
39839,yes
39853,no
39855,yes
39858,yes
39864,no
39866,no
39894,no
39896,yes
39897,yes
39900,yes
39904,no
39910,yes
39912,no
39918,yes
39922,no
39926,yes
39927,yes
39928,yes
39932,no
39936,no
39937,yes
39941,no
39945,yes
39956,yes
39961,yes
39962,yes
39963,no
39965,no
39972,yes
39978,yes
39989,yes
39990,yes
39992,yes
39995,no
40005,yes
40007,no
40008,yes
40012,yes
40018,yes
40021,yes
40033,yes
40036,no
40041,yes
40058,yes
40067,no
40069,yes
40071,yes
40075,yes
40082,yes
40084,yes
40086,yes
40088,yes
40094,no
40102,yes
40106,no
40109,yes
40112,yes
40115,no
40118,yes
40126,yes
40143,yes
40158,no
40163,yes
40165,yes
40167,no
40174,yes
40183,no
40191,yes
40192,yes
40195,no
40201,no
40211,yes
40213,yes
40228,yes
40229,no
40232,yes
40233,no
40248,no
40257,yes
40258,yes
40262,no
40266,yes
40267,yes
40271,yes
40276,yes
40285,no
40296,yes
40301,yes
40303,yes
40311,yes
40314,yes
40318,no
40320,yes
40337,yes
40345,no
40347,yes
40350,no
40355,yes
40358,no
40360,no
40367,yes
40371,no
40373,yes
40381,no
40385,yes
40386,yes
40389,yes
40392,no
40400,yes
40401,yes
40404,no
40412,yes
40416,no
40419,no
40422,no
40425,no
40432,no
40444,yes
40446,yes
40447,no
40450,no
40453,yes
40454,no
40457,no
40460,yes
40467,no
40469,yes
40472,yes
40475,yes
40480,yes
40481,yes
40490,yes
40493,no
40497,yes
40500,yes
40502,yes
40504,yes
40505,yes
40514,yes
40516,yes
40519,yes
40521,yes
40527,no
40540,yes
40542,yes
40548,yes
40555,no
40556,yes
40572,no
40578,no
40586,yes
40589,yes
40590,no
40591,yes
40596,no
40597,yes
40604,yes
40607,no
40608,yes
40618,no
40622,no
40628,yes
40632,no
40640,no
40643,yes
40646,yes
40650,yes
40653,yes
40657,no
40667,yes
40673,yes
40686,yes
40690,yes
40695,yes
40696,no
40705,no
40708,yes
40709,yes
40715,yes
40724,yes
40739,no
40741,no
40751,yes
40752,yes
40754,no
40756,no
40757,no
40765,yes
40766,yes
40778,yes
40786,no
40790,yes
40803,no
40809,no
40810,no
40814,yes
40818,yes
40843,yes
40847,yes
40854,yes
40860,yes
40866,yes
40883,yes
40884,yes
40887,yes
40892,yes
40901,no
40914,yes
40917,yes
40922,yes
40923,no
40928,yes
40935,no
40939,no
40956,yes
40967,no
40973,no
40975,no
40978,no
40979,yes
40983,no
40998,yes
41011,no
41012,yes
41015,yes
41022,no
41023,yes
41025,yes
41032,yes
41033,yes
41038,no
41040,yes
41041,no
41043,yes
41044,yes
41049,yes
41050,yes
41071,yes
41075,yes
41080,no
41083,no
41084,yes
41086,yes
41090,yes
41091,yes
41096,no
41099,no
41101,yes
41105,yes
41108,no
41127,yes
41128,yes
41129,yes
41132,yes
41135,yes
41142,yes
41144,yes
41149,yes
41161,yes
41172,no
41174,yes
41177,yes
41181,no
41184,yes
